date,Wind speed,Power,Nacelle_ambient_temperature,Generator_bearing_temperature,Gear_oil_temperature,Ambient_temperature,Rotor_Speed,Nacelle_temperature,Bearing_temperature,Generator_speed,Yaw_angle,Wind_direction,Wheel_hub_temperature,Gear_box_inlet_temperature,Turbine_Location
07-05-2025 19:00,17.65066515,,22.38787149,28.26174133,26.33857326,22.21547237,84.79090143,29.13535217,31.50042808,89.60952163,4.511591043,167.0860382,29.48953572,29.25081979,West
10-10-2025 23:00,2.389367118,-28.18824402,-2.692687171,7.89568609,4.353578191,-2.672803904,10.35173075,3.719179109,2.224782406,5.509393837,79.24950967,49.3060452,1.106826763,,West
01-04-2025 10:00,8.297633355,-119.4570223,25.17049763,31.45243091,27.63249696,25.08266134,46.07447636,27.41883993,28.34833431,51.68319608,85.13518227,147.821292,33.36559991,30.72123409,South
13-05-2023 13:00,22.0409164,1437.00348,18.85773871,31.60651517,24.04609139,18.85857752,108.4921242,25.74776735,25.68393353,134.7048633,-12.9156992,259.7884285,23.64260107,26.24548689,North
27-04-2023 14:00,7.08058405,98.82575576,23.97707975,29.33403761,30.38323225,23.58101208,32.74028422,26.11877898,37.26063117,48.30537449,41.41878934,181.5365132,31.36832218,29.05842381,South
20-01-2023 17:00,20.00954702,1282.809069,16.5848764,22.98535062,19.61440084,16.31326509,98.6216451,24.57717953,23.32881705,126.0770283,,334.0818249,26.39158064,,West
06-06-2023 00:00,11.7561188,229.5998078,17.11657812,27.80567007,23.60102137,17.59115351,55.79622892,25.53585453,20.77159453,61.13740657,30.40651762,275.5776237,26.87643673,23.58280067,East
13-11-2025 08:00,5.257694612,73.48820189,-4.50065912,8.287207627,-3.051838998,-4.35581913,31.84258149,-2.159714386,1.894768806,41.33010531,69.83752854,350.4270216,1.517492481,2.394776345,North
26-10-2024 06:00,2.957830629,118.9984276,-1.912481976,11.35512771,1.322322132,-2.444445668,21.71492198,0.976658451,0.255870591,39.76454183,-33.28340141,45.33881138,4.27409778,-2.683678322,North
28-07-2025 12:00,3.484150301,-156.5603954,7.860056336,7.862967058,11.20718173,7.676076994,16.97316235,13.87226404,,19.5786369,-69.71555944,227.4324504,19.28410106,12.25002758,West
08-12-2023 17:00,6.692032426,50.8835585,5.48744507,9.467853519,8.352756727,5.31262141,36.23594684,10.85189412,9.486663957,38.84004372,80.38480686,36.95083664,10.94497568,6.919452404,North
05-10-2024 12:00,11.36091493,446.7695617,-5.416430483,-0.352312176,-0.405047487,-5.335146577,63.20537838,1.329738262,-4.093486995,81.75284212,-72.00519867,126.0870922,-0.088213577,-1.768308671,North
02-09-2024 05:00,15.78265434,613.3639041,-1.241071361,8.325007582,6.714962859,-1.564040042,82.98114435,,-0.131633971,105.0613658,25.41544084,330.8018949,4.971328424,,South
14-05-2025 03:00,18.8908238,1002.917672,23.06774771,30.85084615,69.60922952,23.1585562,96.38568957,28.63705219,29.81161595,125.9562814,69.49639241,235.3196136,27.54729361,26.96029808,North
28-12-2023 21:00,16.70858373,544.9592073,7.741335046,19.84207173,9.528688507,7.338855927,87.61876649,12.92988643,15.42525875,117.7384061,11.20928347,228.2997918,15.41980126,12.99719126,South
06-12-2024 23:00,7.445747404,-22.89748802,4.712422152,11.11912527,9.600744459,4.743984573,33.41898748,8.933592041,8.976003353,44.83308273,20.41123027,265.8641653,9.527163973,9.351466815,South
20-05-2024 04:00,11.8570476,217.8954403,22.82865462,30.39848827,30.70458529,22.98846985,54.93155723,24.77999972,26.50172384,57.5659201,-37.45502943,296.384498,27.07428276,29.57476626,North
23-06-2024 22:00,9.517393653,27.39129466,8.121786196,,13.01712657,7.723755261,56.34834402,12.30300668,17.21803168,75.56300192,45.61181024,185.3284179,16.60845934,13.99661077,North
19-11-2024 23:00,17.55776162,906.8263567,-0.712220489,7.434255822,5.649806103,-0.695200095,84.99771698,6.039972142,7.971056083,98.00088579,84.50975134,90.41137573,5.853346065,5.022924464,West
13-08-2025 05:00,11.83611408,-0.651238702,1.837167854,8.902026227,9.151107106,1.553061386,56.79592349,2.601507958,8.351946704,69.81450707,-46.76147198,110.7643041,8.26515552,7.421280803,East
01-04-2023 18:00,19.70159127,1156.46552,25.18997077,35.64002414,33.58663434,25.11696082,97.96799788,29.39086735,36.74481216,118.2095112,-26.59089556,42.2463592,35.47979134,32.06443392,South
05-01-2024 22:00,9.841113445,279.6601903,9.216366587,15.57905135,14.07127459,10.01566048,47.73086289,10.70938434,14.04816509,55.84070203,-65.68214063,157.2890532,14.75234042,14.51825592,West
16-07-2025 10:00,10.72952246,312.6772889,4.785356826,13.06303016,8.348653358,4.873778752,60.15178367,9.92222524,5.940672072,76.30047121,-24.77628091,18.26475651,12.28185364,9.378924534,South
24-08-2025 06:00,8.511764524,-52.78493596,2.255991585,3.61106056,4.918433889,1.723389142,42.31033645,3.677486914,12.20849003,38.91636874,40.36773407,171.8278558,8.755160341,5.096069653,East
07-04-2025 16:00,6.103888809,-8.23105284,24.43905654,28.38116839,26.61150656,24.27542196,37.3559658,28.65431932,32.02838254,51.23420299,5.483146406,128.6957164,30.27334206,28.01584291,South
10-04-2024 08:00,19.41607368,1156.843412,22.5069776,32.47184422,29.82930861,22.52220265,95.69652111,28.88385088,28.36995916,109.8488622,-85.74235568,310.2957459,30.58661153,29.43523615,North
28-08-2023 20:00,4.664435084,110.2536918,-2.435691901,5.299768957,0.95702328,-2.348799484,23.72194462,1.733916281,-0.683749046,13.1808026,45.11400247,18.06882599,4.346515413,0.451296815,North
14-09-2024 17:00,13.77797622,418.1753189,-3.578749611,3.822581215,0.867624946,-3.467264129,70.94985469,-2.61253111,1.837670769,95.85881792,-73.72186736,289.592911,,6.726410635,West
30-09-2024 06:00,1.216551184,,-2.506393036,1.736300101,3.300465291,-2.173134115,6.210969372,5.308386043,1.948526451,16.49063188,56.67666498,216.4079539,6.026564399,2.345082004,North
14-03-2024 07:00,11.57883309,192.5919525,21.02447145,28.09800058,28.31635999,20.98891508,51.22178742,27.25451463,29.57839941,47.80537379,-60.29217419,68.30840099,32.16300425,27.79347795,North
25-06-2025 18:00,19.1851047,1296.473496,12.24690615,22.73784169,21.24109902,12.40956769,90.12394739,19.10987251,19.75287271,111.7229165,-22.95603732,181.0937919,20.94754409,20.17736245,North
01-08-2025 09:00,6.03127744,-31.87023061,0.383860213,13.37973874,7.950295562,0.533753106,25.42569657,7.111244155,7.806896182,19.93025075,17.1541151,308.1938896,6.377458769,7.23924379,South
20-09-2023 16:00,4.252280452,-44.93473909,-5.121415181,4.996438095,-0.749646764,-5.081712549,36.38186037,-1.106098611,-0.384535846,46.57327502,49.4452296,354.9448852,-1.081053094,1.032352487,East
01-06-2025 22:00,10.60384882,72.29970694,20.84889562,24.9286759,28.53951077,20.50150041,50.21418503,23.05850634,30.17781332,59.44359957,70.23411938,322.5787793,26.77214408,29.9357335,West
25-01-2023 18:00,13.04736768,561.0220126,17.62196219,26.34115078,24.22786319,17.63162005,68.8035943,24.04377853,,78.78312178,-78.41206197,113.3948138,24.38633383,21.50199138,East
03-10-2025 07:00,12.87841113,446.5685069,-5.36311665,3.31113514,-1.057112481,-5.769085561,61.7742212,-0.39629953,3.196931912,71.10571649,-57.981329,136.3327759,-0.417800841,-0.221357877,East
13-02-2025 10:00,13.22035412,417.3417436,20.7915035,29.6930929,23.85305578,21.27650579,72.16888603,20.71883255,27.48221602,73.57429736,9.94113655,322.7018789,27.83179229,23.67744241,East
08-03-2024 04:00,19.02752196,1234.369908,25.3593936,38.31446093,30.17371471,25.88283096,103.0237761,32.12326941,30.8138682,111.0201549,-36.19853303,139.4316049,31.98431615,36.90074401,East
03-11-2025 06:00,9.80814669,142.7898762,-3.527338234,2.019976049,3.2315573,-3.857654233,49.46808529,0.584815147,7.12981504,51.31672244,79.27867442,59.87783746,3.223662629,0.362258507,West
16-06-2023 05:00,5.137750815,,12.24759542,18.45350829,17.26347789,12.03438868,30.87560996,21.08735097,21.76977883,42.32413324,-21.15526783,291.793633,19.16681934,14.21232528,South
30-09-2025 09:00,0.370118684,14.19192576,-4.282528407,2.954140533,1.253225819,-4.806001914,5.300441791,-1.039753723,5.760424478,-4.387166495,-21.35035743,274.623971,-1.059761634,-0.912315831,South
15-07-2023 20:00,12.46183808,177.0652049,6.081395506,13.02858488,12.67490662,5.895437998,58.69297718,10.88654216,17.0179076,78.15877604,-48.68943845,251.2831949,15.65320481,8.948167255,East
16-11-2024 15:00,15.82231564,673.9596201,0.54251026,6.690994283,5.671272238,0.260945873,80.20031769,4.3158889,3.364322612,94.91875062,11.42260381,195.4878566,7.15825362,2.527492043,West
04-08-2025 20:00,8.441839211,94.22896879,4.843520474,10.13866856,8.753837464,4.781998443,46.1245248,8.777447448,9.746687963,59.60606011,63.18392833,295.1515339,9.868500064,10.82041687,North
31-12-2023 20:00,13.73687136,425.0446295,12.42010034,20.69163308,20.71848024,13.00654931,67.0805082,16.14192422,16.77354507,74.14628092,53.08558196,261.4778223,20.79714348,17.28183433,South
08-07-2024 13:00,15.80657763,442.2442533,6.518771322,16.6926971,10.7795281,6.426344283,81.58744781,12.25337195,14.11793507,101.9878855,34.32438189,135.5929755,10.82079669,13.67097572,West
11-06-2023 14:00,14.17613477,278.3277184,16.45863877,20.5565245,19.50218077,16.0062669,64.1741849,20.67792267,26.08285825,71.78126851,-90.56524068,175.4005992,23.1690179,18.07471207,East
20-06-2024 00:00,3.698457489,44.93470938,13.74259905,14.16401322,20.25565798,13.95446954,22.48976033,16.55152235,16.94590347,29.07913442,67.87161603,316.8383037,20.64313061,20.36415196,South
08-08-2023 13:00,6.695113091,-99.72907899,2.340989716,6.768147843,5.574792605,2.253982764,25.91403234,4.038086644,13.53166622,14.12050896,-54.92156479,95.19851347,10.48674293,3.300153184,West
07-12-2023 19:00,13.09812319,269.0163407,3.040483117,12.45904285,5.0943468,3.21577229,70.66961014,6.950580468,2.850404043,81.95319918,48.6343264,138.436662,11.10930683,6.51239466,South
03-11-2024 21:00,16.65848533,853.0939683,-1.736334921,15.80515026,6.382429572,-1.960494351,71.57187047,3.835424751,4.275064962,97.13554927,-56.74817107,337.388046,4.562428851,2.514437461,East
10-01-2023 01:00,8.867197761,41.84542271,8.60042484,15.50678113,13.35053514,8.08964125,42.3363239,9.826623911,12.9339112,49.27589546,44.38547406,95.42125592,14.75568204,12.33451499,West
18-07-2024 06:00,4.22014452,138.0202653,4.751757389,12.06421857,,5.068762078,26.46468629,7.371305359,,14.16381091,79.35582972,217.7651268,6.484700911,12.26314777,South
22-07-2023 05:00,18.69773679,963.7375562,1.986946053,10.74460765,7.042111575,2.018956293,86.85552022,4.573186393,5.739677967,110.8289986,-47.64290027,324.3413143,10.24964136,10.56342291,North
04-06-2023 10:00,9.198664568,200.5183338,14.34581938,21.76871035,20.14067523,14.26788068,43.76285226,20.23783741,21.02694566,46.48749182,41.24855598,321.3058117,21.21225949,14.93174469,West
22-05-2025 07:00,9.823674778,134.7528462,16.05023624,21.29277321,18.11721302,16.31596994,39.94699975,20.26318168,24.42961432,57.18446693,-25.63277141,165.0989126,23.01631081,23.47906137,South
06-07-2023 13:00,10.25788768,157.1711037,8.760238061,18.98091035,15.07126176,8.169184421,49.19636118,15.34876859,13.73333824,39.8036832,-34.50192802,63.30660074,14.15710426,11.69171814,South
29-08-2025 09:00,9.998784721,164.4413245,-4.154716056,6.240661274,0.793994138,-4.406664566,41.88701856,-0.17542913,0.024680557,53.38739356,17.42897007,56.81765016,0.578749565,-0.622937479,North
20-11-2024 14:00,4.346297667,9.509323315,4.832531379,7.391496696,5.512729168,4.789587659,8.591174438,8.817369318,14.56823994,13.93938064,-37.95819066,62.38142961,11.93459629,11.37594753,East
07-05-2025 23:00,15.53203994,520.7332871,18.38610598,24.06571269,21.33756719,18.67516412,71.58774313,24.88658112,25.99337352,76.40246163,-63.0010611,294.6489049,28.83629552,25.92548716,East
17-04-2025 20:00,15.01316702,589.4626462,23.89098308,31.02279896,27.08818732,23.49520948,74.6476456,29.40866105,,95.16803714,-2.50838456,22.61996907,32.70521576,27.87768189,East
05-06-2024 01:00,20.08758153,1164.527709,14.94260578,23.30309138,18.90175122,15.57583492,99.25861061,15.15413166,19.27872872,98.25399761,-49.56744188,114.2332347,21.60581537,18.64226891,North
16-08-2025 03:00,4.021514913,33.59584557,3.558478283,10.3642786,9.814305053,3.101474256,25.58222499,,12.98190683,33.59168214,21.83290459,326.7854284,11.71259656,6.585443265,West
28-03-2023 06:00,20.39877105,1453.087592,26.2183476,32.27360661,28.28668816,26.65104231,98.83769697,31.48877838,27.34764641,122.6709118,-75.17125515,268.8504233,,31.10619562,West
16-01-2025 11:00,7.142773491,11.96464118,14.0429023,21.87135905,15.45864147,13.9183574,33.90838234,23.0757513,18.37943487,22.20455924,-47.9033625,225.6783828,22.20679901,18.9968262,West
19-11-2025 18:00,8.980933014,-13.59582875,0.698403941,2.554008117,5.014355551,0.847315435,45.5090967,5.067650234,3.082084875,42.59278086,-6.296528551,182.8717454,6.372086712,6.565224899,North
08-08-2024 14:00,11.62668518,278.4976839,-0.09977046,5.209491129,2.727170622,-0.046165558,56.61201001,7.180574637,7.290609484,61.32765301,57.25700154,34.15593841,12.0493212,5.420195908,North
17-06-2025 12:00,16.01220987,389.1164094,11.52036313,21.26027393,16.74439971,11.41758996,87.06513004,15.5878479,20.3451117,111.5620947,,197.9526884,18.77186215,17.90950513,North
26-09-2023 09:00,3.45774672,-104.7380132,-4.614362046,7.502125603,3.824321944,-4.31927967,20.29391759,-4.915371649,2.55378864,10.8371048,-89.26848247,216.914831,-0.174108793,-1.492644679,North
19-12-2025 14:00,16.97862934,849.6829201,5.370418497,14.36837433,10.95564288,5.242647343,88.40377338,6.737018977,15.23835039,106.0676512,16.11680716,115.0460011,13.43894132,7.237402173,East
19-05-2025 19:00,6.430930006,106.3278995,20.24902313,30.67688276,,20.26778866,23.7631176,23.90395205,26.94743846,35.55950342,61.6740539,165.7422671,28.88793058,30.62666439,South
30-06-2023 08:00,18.71638333,978.0358427,9.152361041,13.47204479,14.55467606,8.721697026,93.04733042,12.90819914,11.22341082,119.1348917,19.11683878,9.985406715,13.48789468,14.1084741,South
11-01-2023 04:00,9.017095456,94.45581374,,22.54611048,19.99932832,14.51551729,43.93629233,19.9585847,20.08557323,51.90629918,54.86458142,192.6571229,19.9243756,21.35494335,North
09-10-2023 12:00,3.357862672,120.8461023,-3.902629537,9.309051579,2.719517204,-3.637519341,15.1924239,1.291576034,0.339332294,15.81157438,-8.93528667,11.96495096,3.403655091,-0.628740213,West
27-11-2023 18:00,7.986916126,-36.5628325,0.635931009,3.159776551,7.226732815,1.014420075,39.4271238,3.928441666,7.560816108,56.83415935,-26.15894786,99.81904353,11.31014635,2.655203764,South
27-06-2025 01:00,16.5216455,456.0507169,9.911193839,22.61649547,15.17382489,9.765917561,78.68912754,17.19171976,15.90425641,,-56.72549283,261.3981749,17.08730588,16.13898944,South
03-06-2024 09:00,,1215.822684,17.06672635,25.23418388,23.67679933,17.73354932,102.8988654,,23.10841396,125.8872817,-52.25696441,327.4497379,25.60527003,22.19012533,East
21-01-2025 10:00,20.56648522,1274.884593,17.306739,22.54682341,23.46535386,17.62461736,105.0237094,21.42854483,24.30718019,118.0453205,-19.27874237,37.93829861,27.25002212,24.01821827,South
26-01-2024 10:00,14.29447255,507.0938012,13.55193736,19.12286535,18.58741456,13.29205485,81.44602882,15.56382818,19.81261108,91.20497288,79.39471033,191.5391268,20.0854251,17.94745471,West
01-06-2023 12:00,18.79146094,1137.167445,17.93572486,25.87783165,19.83666975,18.15054602,89.77049039,19.30661807,20.20842666,111.5518847,20.42786794,229.8861673,23.32167462,20.2010046,West
23-01-2024 04:00,12.86042569,149.456503,17.68226853,23.8606977,21.43277024,17.84162017,66.32673854,20.97264484,26.40575038,64.16158366,-48.88761617,114.2240467,29.86864725,23.82394794,East
30-12-2025 08:00,13.70286518,420.2091459,4.749550542,11.53803896,8.255030728,4.912892522,66.59942211,8.328332938,10.23089314,65.74935869,-23.26955391,320.9300889,16.2406393,6.893935009,South
25-10-2025 10:00,17.4190687,806.3408301,-2.462860354,6.905541221,3.670356746,-2.405573938,86.66564073,1.713247082,5.240216385,99.9035784,-66.18000077,38.54090445,4.207239074,2.877904389,East
29-09-2023 03:00,5.419500886,80.79366693,-6.020094955,6.161455538,-2.772219529,-6.190679678,28.41402397,-1.418225155,-5.455002471,48.38589605,-14.05007878,25.83568947,0.167196807,-0.852168432,West
19-07-2025 21:00,2.279751024,-39.51819383,7.73232539,9.989873814,10.81077723,7.898190428,7.700124981,12.21187818,13.21431488,0.574974284,-70.11045667,148.6366027,17.40603712,13.66618796,East
01-04-2023 11:00,17.64463493,,27.18505833,36.91891041,33.69607831,26.95077596,81.67151512,31.79064679,36.60615112,102.2350201,24.98654663,289.4653851,36.20060608,34.16388188,East
19-12-2024 21:00,12.49436334,135.1926958,6.067784221,13.84888239,6.705579548,5.547176464,68.29158214,12.37058749,12.22294159,68.47627116,79.96031505,114.9631367,15.82835391,10.55548638,North
03-12-2025 05:00,9.615730255,113.1308027,4.93152764,12.37973949,9.627265022,4.83412924,50.97229116,8.358893564,10.10891054,60.37728842,42.02269919,132.6552892,13.62397354,10.36501069,West
01-12-2023 10:00,,45.73489242,1.456903851,2.879970191,3.273216619,1.331648865,45.76294761,6.172746788,6.878527352,55.89177182,-8.438397027,271.0957418,9.95611593,4.935168179,North
11-02-2024 17:00,6.958786124,64.90562586,20.59753738,27.90174159,24.51134097,20.62547121,37.46300853,25.86885171,29.27231903,,-57.6364074,141.1898826,26.73421742,31.04614549,West
14-12-2024 13:00,6.166416078,349.5739354,9.316262063,19.8585092,12.5549889,9.611766271,35.5376192,13.74481543,15.28285292,45.41246494,-53.13383378,135.9935615,15.99908607,16.67897455,South
10-02-2025 18:00,20.14062176,1362.293649,21.84116231,28.3613818,,21.74568029,100.8883812,25.29756894,28.33264751,123.807256,43.19414774,269.3656336,28.7070314,21.94981467,North
19-12-2024 20:00,12.65562817,473.1772977,7.484690346,15.43744925,15.31887868,7.318200353,71.74324585,8.33141236,11.95544119,86.9355252,27.73580432,212.9396073,16.07964438,11.47533937,North
22-10-2023 11:00,9.709557647,168.8073262,0.080761073,6.362812008,4.315387009,0.082699743,48.98956134,5.234863733,4.494697083,55.420209,55.34458319,161.134884,7.808899142,9.259825967,East
21-10-2024 06:00,10.37618599,47.40650888,-2.331666174,1.134551291,3.294947694,-2.297514417,41.55419796,-0.152293466,2.435450641,62.07668082,-67.62472829,306.8891405,6.274715185,4.421067873,West
24-09-2023 23:00,4.63502263,-0.636219812,-7.911242975,-4.361709041,-1.002771645,-8.40239757,25.11793257,-2.148305671,-6.751826237,27.14480459,-35.8129654,100.9781052,1.825867597,-3.226876335,South
10-05-2025 05:00,7.708644815,134.9781438,23.07117146,33.54202368,27.89125801,22.91690916,43.49538245,29.74843458,31.4905429,58.66271954,6.250050167,212.0218554,29.98540958,28.56363176,South
11-10-2025 07:00,0.565173045,-74.82264048,-10.32307521,-0.469246677,-0.723253769,-9.84466026,2.054946236,-5.602694745,-4.295077154,-6.210219342,-33.36897192,343.3382067,-5.332306274,-4.453896637,North
03-05-2023 16:00,18.29863673,959.3206899,20.86975215,31.66093086,24.57574802,20.94391094,92.03799953,25.85187066,29.88757018,115.7337988,-10.27946903,,27.12925102,24.58585336,South
15-03-2025 21:00,6.500914323,98.51566915,22.27196682,34.80333472,29.18917655,22.08596726,25.95513953,28.95919557,24.35900416,29.24571922,-30.68114721,247.0142043,29.94387594,25.82931227,West
26-07-2025 23:00,7.511745768,29.30506112,4.173891982,8.775829512,6.671632112,3.534101444,33.95872138,7.541289043,9.220579392,,-24.65033704,83.96586517,13.48012907,8.209846696,East
15-04-2023 22:00,6.803075181,-25.4390749,21.92669188,32.20867119,25.94818968,22.69107073,41.17941523,28.008782,27.30307593,56.52440874,24.68011989,320.6913345,32.95438249,25.61987953,East
28-12-2024 10:00,4.263529927,-14.93694959,5.856585165,16.86570166,8.806992239,5.262754945,30.23383661,6.802351654,13.96154421,36.38452105,-20.98031511,329.6028137,12.65493947,9.081871156,South
01-11-2024 13:00,6.129164798,233.3967874,-1.017771162,4.813887919,4.803927464,,34.83516947,-0.509363516,7.192791119,34.80853057,-22.36821123,225.7629804,5.231470663,3.784544569,East
26-05-2024 03:00,7.930415529,-56.36170761,20.29637816,29.3406354,22.92574976,19.91626396,40.02317021,21.92406299,28.62600445,62.35843976,85.85817758,284.0181463,25.3592005,21.43942145,East
25-06-2023 06:00,18.68314639,858.5062251,14.21697457,21.06343147,20.74481563,14.39930047,92.27023843,16.83034891,23.08216388,116.6982846,77.97310025,346.2081665,21.91075033,17.87188104,North
09-08-2024 02:00,6.012254813,-80.74282479,,10.40954265,1.810176565,-1.781661882,39.65597575,-0.404707193,1.320930951,51.79903826,-14.63213443,334.4276289,4.128176274,4.024176331,East
18-10-2023 02:00,11.21115814,145.5882479,-5.811695921,3.079538735,2.691484556,-6.083889799,59.32474456,-2.355700772,3.853371968,79.41245569,24.18265468,25.5751487,2.187372708,1.18974067,West
20-09-2025 22:00,2.642835664,183.0258186,-6.429831614,3.928711235,-0.656425564,-6.092378126,18.46344609,-2.602044272,8.115317438,24.22875019,71.46049362,329.5550933,-0.169570222,-2.37277706,South
26-10-2023 07:00,7.419711488,152.7621528,-5.535582757,3.077287048,-2.121210622,-5.65949117,32.44252401,-2.089506514,4.590013585,27.71161181,-87.20940832,85.38699551,3.812072341,-0.635895158,East
29-11-2024 19:00,14.51291789,585.5876672,3.415964519,10.83676194,10.16650137,3.604516674,76.17005087,7.561559782,9.485827057,85.71044918,45.79292653,40.82994787,9.695900551,7.392532849,West
13-10-2024 05:00,11.37954092,182.2584825,-3.841124193,4.65486359,1.746676259,-4.145476385,56.15158147,-0.191957227,,82.48405946,-0.279078977,139.5327458,-0.84542002,2.364932643,North
22-07-2024 14:00,11.96149195,213.9391979,4.754314381,10.7440031,9.3479146,4.52121819,61.31798821,9.544970654,11.91819481,86.55215795,47.6624453,62.45434694,11.17945033,10.40598328,East
13-01-2023 19:00,20.19119476,1232.609906,13.40572104,24.12737365,17.28344887,13.29743007,104.6545073,15.14748257,19.42030106,133.7113545,77.74320955,339.771198,15.42349276,16.29117105,North
30-11-2024 15:00,15.02433001,847.2003193,1.638245461,13.75222799,7.602132665,1.7413593,79.01378334,3.836653487,10.83051369,93.66497964,-22.03322995,284.3512923,9.675416059,5.002113871,West
06-10-2025 06:00,9.010406764,2289.380827,-4.417456004,3.05786147,0.293525997,-4.344833376,51.65510561,-0.856722596,4.158953177,58.93486912,89.03356625,327.5799825,1.721434912,-2.153618391,West
08-06-2024 14:00,12.2550113,231.8739072,15.15474919,21.3206455,19.72566861,63.73860021,63.10849887,18.93119874,23.06462825,76.15909506,77.95289302,124.1492694,22.26356376,24.68740164,North
04-10-2023 03:00,9.726745423,151.7009812,-4.394347501,1.682669124,0.433700332,-4.363372758,49.87582335,-1.428236286,2.432350813,50.6309092,-55.751862,314.5790881,3.794024019,1.446321617,North
07-03-2024 00:00,,112.7507451,25.01933507,32.50590333,32.71412504,25.07949831,56.809535,26.30850002,33.24531851,70.84373285,-54.95968952,113.1104359,32.90573731,25.13848118,South
29-10-2023 02:00,16.75708281,696.1916469,-3.323925873,8.027785465,1.781176508,-3.220829766,92.98777825,-0.762993656,-0.059810368,105.01562,-52.60553929,24.41488627,,-0.106804023,North
23-11-2025 16:00,3.289485797,-48.59086817,-0.463376776,11.01353229,3.434201903,-0.542153576,22.24300695,2.739214958,6.895571337,31.62702598,-47.38553138,289.2760397,10.40593808,5.933626893,East
10-02-2024 03:00,11.66406427,107.0384501,22.86386967,28.46101619,26.37992374,22.78666602,53.85340711,29.84849554,26.39610834,62.01783425,83.49522937,278.4200242,28.46480781,29.54483457,West
09-10-2025 20:00,5.519394417,216.7233317,-5.785649517,2.911770591,-3.423254598,-5.904317259,25.46726724,-0.841310023,4.709568117,26.08840584,-67.00560868,59.23903815,6.286295523,1.043511402,North
28-12-2024 15:00,17.08680227,888.7510891,5.731496376,10.26612499,12.11811556,6.297038989,90.41572904,9.188557002,6.527609627,118.0719177,-3.128879612,91.23806236,12.18282702,11.35227225,East
20-09-2025 14:00,7.057914993,-53.90480033,-5.891539379,3.659003647,-1.955022094,-6.150785704,32.35609579,-0.339053207,2.590896688,43.76573308,29.78660381,342.2524336,1.944073175,0.802429477,South
23-04-2024 13:00,9.416198451,101.3350041,26.24579594,39.76969206,29.55982705,26.29792922,43.75777703,32.64226562,32.74145226,45.05940951,-17.09555872,53.75704294,34.46708374,28.85756399,West
18-12-2023 09:00,16.09593529,778.322824,7.051257747,18.11918967,11.72527387,7.303673402,90.77630515,11.56205935,11.6801271,102.6664817,-68.70909333,53.42118668,12.29180756,13.97145072,South
19-12-2023 19:00,14.11456701,519.0063513,8.080685634,12.29418056,12.50591085,8.401184761,67.28966569,15.2567411,18.78385724,77.16429431,-47.95726874,360.9444642,15.22747201,13.61807913,East
17-12-2024 08:00,5.099485076,135.3838119,10.77805943,19.70215515,14.57144596,10.69160457,35.21790198,16.15476055,17.96941814,50.40902484,-22.99310457,318.1687176,23.41100565,16.4384744,North
15-10-2023 00:00,11.29862327,239.3367879,-2.670564988,11.12918703,1.814267561,-2.849936056,55.37407172,1.933436117,6.783935286,66.87565903,-87.62688341,270.509188,3.795383456,5.830242948,West
31-03-2025 19:00,15.62527045,550.0529106,24.96492631,34.1310918,30.21809757,24.96280197,81.29375372,,29.06395322,84.44807235,29.06879927,206.3664635,34.36418477,28.49480038,South
27-10-2023 14:00,9.162733593,195.7632403,-4.065342192,5.601031101,1.610656332,-4.051427661,43.79991726,1.19021315,,53.99040047,65.40400911,159.5437136,-0.72276111,-0.121894964,East
24-04-2025 13:00,20.64634653,1389.013558,18.00407713,27.03524499,24.22251556,17.70099096,107.9036883,22.05945575,26.36394827,112.094319,-2.164096849,36.06772417,27.47492081,21.34872615,North
08-01-2024 10:00,8.651109195,36.73208409,11.91439396,22.51338567,17.68841856,11.88712127,40.25112241,12.86495412,22.78091189,,74.79261467,1.963098473,20.14141973,17.32783104,West
02-01-2025 13:00,15.11626309,548.4721614,9.522548187,19.33001212,15.58282062,9.959920521,81.69239506,13.99095345,14.64001851,92.84178859,32.13153698,99.53575893,16.73143443,14.36688989,East
20-12-2023 08:00,17.61300194,731.7024398,7.855742405,11.61433677,13.62739132,7.890517382,81.22016566,12.38802756,12.36543738,93.85670589,48.42164118,18.45811462,13.73795316,8.934627927,East
08-10-2025 10:00,5.853265452,-92.06810231,-4.950187817,1.753099071,2.771238234,-5.163360569,35.55988476,0.248905765,-1.576559104,39.27368528,-87.76730666,281.5519006,2.239829584,-2.05408657,East
22-08-2025 17:00,9.910272141,176.5802913,-2.941979419,4.507530158,3.568565149,-2.464390091,43.42812275,3.015884403,6.998267424,57.92227219,3.563446268,273.5189812,5.65263523,1.434007739,South
12-10-2025 19:00,8.486025855,184.6513179,-6.160148905,2.465802416,69.5348904,-6.52257887,41.39823137,-1.506245312,2.307962053,55.63577313,-54.17329817,164.3516927,0.461766848,-3.572521043,South
13-11-2023 03:00,1.385524912,-96.25991022,-0.411824277,8.917966947,3.951060837,-0.472856096,4.121207261,5.198523908,4.208323607,3.85967459,8.460409325,3.272336677,2.491942085,5.390048071,East
15-09-2024 14:00,2.801398562,8.424545866,-7.474675478,-3.380659654,-1.178764408,-7.001045015,9.309160358,-2.582586979,-7.020466316,12.37773807,79.98433711,5.966793663,0.304422792,-4.564911113,North
01-09-2025 11:00,2.583789841,-152.3632947,-4.118652141,-0.110860912,1.241250604,-4.464455805,9.493720524,-2.670760841,3.955921324,-1.705061101,82.51373483,239.1885147,0.222310972,0.702325405,West
29-02-2024 03:00,17.50096483,959.8767932,26.3573957,30.97785444,29.87665442,26.19788263,95.49786977,33.62936888,,120.0721084,30.79563661,148.9896804,33.11415274,32.01393872,North
22-05-2024 19:00,11.37923772,174.4807031,21.29042596,32.4475795,27.03556901,21.11577524,60.71686668,28.5176798,30.38627456,79.6621472,88.5189149,143.9541487,29.07596333,25.47206669,North
04-09-2024 03:00,6.165073759,199.7287136,-2.036575406,7.154807877,3.235479465,-2.245901402,35.89973019,1.414555324,5.196631017,49.0395414,12.56873193,2.50208416,3.322757212,5.740436406,North
11-05-2023 01:00,8.315551993,266.3091593,20.26670622,23.3498607,24.35377742,20.08573049,52.38222983,23.77513131,28.54853554,66.36877945,31.225948,154.7537498,27.7234874,26.96545368,East
22-07-2023 20:00,16.26604933,417.5701106,6.589330934,,12.39170362,6.741709588,81.56993981,10.44297187,16.20251188,91.64404884,31.56486418,187.8165584,12.25630569,10.64611324,West
15-08-2024 11:00,2.094040271,77.0518698,,10.52851761,5.193352484,0.517105722,20.8212771,4.912936217,4.382399074,25.02681053,-22.78654543,287.1531426,4.962308656,5.419725305,West
20-03-2023 23:00,7.247883452,-94.86438376,24.10308271,32.63966386,28.07631865,23.76301625,35.70075497,32.3782437,28.44791893,38.38894479,47.29870943,117.547981,31.35190188,31.00313663,South
27-11-2024 22:00,3.906974113,103.0185513,1.852175899,8.747529194,8.154677505,2.238904752,22.91176161,5.430430337,8.800877838,25.71978089,-33.04173613,109.7469203,8.051239032,7.404630768,North
01-08-2023 06:00,14.62998353,400.5268749,3.368146811,6.795683968,7.999003644,3.376326475,72.8581187,3.665129939,11.35554419,82.60805213,58.83814804,140.612817,9.617917936,8.507191293,South
03-04-2023 18:00,10.55275509,326.70544,23.49859728,26.89623471,29.96642508,24.30649955,49.66478183,30.74935799,30.94278963,59.06979764,-68.31510925,247.2946049,30.99707193,25.81961247,North
26-11-2025 19:00,3.134174995,58.67574251,0.427056528,8.264285577,7.454507368,,19.8260847,4.201733865,9.599839999,26.98303504,58.06995509,134.1615698,9.336295115,8.583542914,West
18-01-2025 23:00,6.628076023,3.878850052,14.81867176,18.66182337,69.90007349,15.33704146,28.61346234,19.87595315,,24.18746087,-81.29455483,192.9020533,24.03076516,15.84186897,West
08-09-2023 19:00,38.21167466,262.5443592,-3.382310234,1.301838393,3.606984567,-3.88504023,58.50459803,3.800184262,3.216577391,78.65708404,67.83698101,107.3559677,4.481347735,0.428004112,West
04-10-2024 22:00,1.544476601,-120.7677204,-5.04457768,1.979973274,-0.881705529,-5.068775704,8.075891555,0.417334276,-1.29410373,13.70637722,-65.49824755,38.70028734,-0.204357855,0.183713521,South
11-11-2024 12:00,17.82521604,914.5571686,-1.760992607,7.209983707,2.479784446,-1.859844602,192.5287385,5.77943315,4.516150596,101.785708,-48.10590388,351.5943295,4.861643201,2.646965342,West
26-08-2025 22:00,8.663141486,-112.9448086,-0.677182697,13.36081441,6.677447619,-0.961068643,52.45493629,1.170311912,4.514559889,57.32314915,1.458920459,96.87416796,5.208449014,6.210527291,North
20-01-2023 12:00,12.06648411,164.1438518,16.23581341,22.2957175,19.1792282,16.06314497,62.31759098,20.48881349,16.91344022,72.53912459,15.39815333,157.173669,23.08975368,19.96281859,South
30-03-2024 05:00,11.06031729,264.7692022,20.17295871,27.71746853,24.34220136,20.36817671,55.66180834,,19.43295588,65.97028578,88.82865194,89.0505424,23.92986895,26.05455441,North
30-12-2025 10:00,8.700063147,110.6972314,7.614692134,16.45651251,11.61511912,7.887214005,38.30601338,11.66623816,15.46870568,25.71588262,-9.052616707,207.1967525,11.57675754,13.16368237,South
23-06-2023 20:00,5.258335044,-47.31404253,10.78786697,20.13283524,15.65423601,10.09160448,22.16048415,15.07754276,12.67431605,17.25419681,-28.77160688,272.4939019,18.86277469,15.23834585,South
03-08-2023 13:00,3.643974721,-42.68259194,0.656635759,1.252164955,9.19885966,1.091249339,19.58750153,6.880720226,4.86470315,,88.19053756,170.4222295,7.005383619,2.6502394,South
01-03-2025 18:00,20.01401677,1117.90899,23.55378233,32.45159052,29.14368655,23.69370714,98.50753084,30.8410248,29.89402453,125.8172242,-42.99812194,304.7635635,35.70090525,29.55071201,West
24-01-2025 22:00,8.966037066,109.2683482,18.92540466,27.26913343,27.55116458,18.80988949,46.7338758,22.21775693,28.58798339,57.7230168,30.58931077,50.52848809,25.72511208,24.93014189,West
17-11-2023 13:00,17.23515894,796.5486162,-0.914070214,8.2279927,0.80952002,-1.749245082,84.17407043,2.074903978,3.200021307,84.334841,-78.13246747,23.80970802,5.472092074,3.01664094,South
22-05-2025 10:00,6.676089066,-30.67051049,17.63707959,21.80623775,22.14313699,17.53075229,27.09599396,24.36173025,28.31660364,42.12732798,88.03619924,40.03768787,24.38272894,25.82989638,East
20-06-2023 17:00,5.459630888,-41.93892008,,24.0551773,16.09667636,11.50381367,34.99757611,15.04881577,24.00900108,44.68778077,,237.9568279,18.13398411,15.51827551,North
25-10-2024 22:00,10.6409567,-75.20688029,-6.288060741,1.782012149,1.046245971,-6.291220466,48.24473616,-3.719322335,-0.366769871,67.15895948,27.78175609,279.3172003,-2.698836161,-3.591791942,West
02-02-2024 10:00,5.789408817,85.42954115,16.08881533,21.41463681,23.06830929,16.04651377,26.96885898,19.96797574,19.84206563,27.61637683,-59.97714282,189.7307726,21.26705923,22.33360472,East
11-11-2025 04:00,3.371194736,-47.59481527,1.819847417,11.20396942,7.621571067,1.498601754,20.61248536,3.969948895,7.618369553,20.88341662,51.76693873,110.84895,10.08493004,6.887800777,North
02-06-2023 10:00,5.111834572,-126.9451062,12.22352985,20.56466961,18.23182012,12.29466826,25.93785461,16.48088856,16.42193732,23.4929843,14.6279606,188.9681959,18.99402403,18.63897773,East
23-03-2023 03:00,22.05680576,1613.815661,21.50061393,34.32201109,22.92643131,21.53710657,110.0483554,25.34904394,30.2610748,147.8725059,-54.92990899,338.9512093,29.55766423,26.22484829,East
10-06-2025 12:00,19.32844081,1042.070001,14.52203513,22.04611209,16.92449444,14.41356495,91.340893,23.73558531,18.36825167,122.9324029,-3.010987936,264.4313584,23.1284626,19.86299596,South
25-02-2025 20:00,19.6544698,1177.077352,,23.71544982,26.76522245,20.98016012,92.30477276,26.74498365,23.80645022,108.9345143,-50.75105319,98.37250932,28.10460081,32.24423932,South
13-10-2024 14:00,11.48492508,210.9874422,-4.639155645,-1.023014032,1.86336038,-5.022882358,63.13522982,-3.759307072,4.835814403,63.53796215,-3.9219079,33.79563719,0.775712958,-1.05860847,North
27-03-2023 16:00,17.59253369,867.16634,23.52240015,34.06574112,28.78710449,23.96635486,88.05355719,29.27910718,29.98597892,106.3778738,-10.76061994,254.3082253,29.4151063,27.22550085,South
18-05-2025 07:00,9.477159186,75.01145117,18.9453689,25.94798478,20.43570867,18.61239155,52.78461583,25.44137443,18.02472969,65.51922272,-91.10820947,133.8336915,30.57439462,23.0753843,East
21-09-2024 01:00,1.355313937,59.12564453,-4.963194357,5.01550498,0.728756728,-4.728582239,10.81924878,-0.593729267,1.901465757,1.036222763,58.48887684,127.1052676,2.079840294,,South
17-01-2024 10:00,9.793503861,36.79439851,14.15498407,22.1323462,16.77452453,14.3331702,43.5683471,20.56835617,19.45215565,23.20348899,34.1998572,61.8567277,22.91347876,19.69668929,West
24-06-2025 19:00,8.798248771,-30.11372901,12.95465922,23.04068118,18.70683297,13.06960701,34.98663405,18.14917528,16.12069084,28.09670216,-59.12327982,44.60047354,22.33502508,17.42729946,North
20-10-2024 05:00,6.287549209,29.96071321,-6.403574389,0.747287994,-4.389929752,-6.771901578,39.18095949,-1.420451086,-0.578232776,40.00642339,3.74487918,220.4952023,2.267589479,-0.866264644,West
16-08-2025 07:00,8.119288624,2283.570281,0.13748303,10.69434225,5.221566964,-0.134971256,38.61714826,1.993755211,6.596909282,59.42510021,0.206763389,102.1897536,5.052016872,4.823799868,West
14-11-2024 22:00,8.404179899,137.8490456,0.266802371,12.05870159,6.331680166,0.770878552,43.59333009,7.385239831,6.185205384,38.03399392,-8.4623447,317.4677975,6.156206855,4.74712316,South
10-09-2025 09:00,8.418289725,92.69773337,-4.99702846,2.854717569,-1.369490608,-4.707937393,36.22943309,-6.850550109,7.721726891,38.77368784,16.21837233,113.9599874,-0.071954192,1.014739641,East
23-12-2023 10:00,12.32954692,330.7672917,8.212895704,19.37193357,11.24524387,8.081724977,68.50870435,8.313201235,10.34243931,83.1312889,-27.17868235,296.1049906,16.91135664,8.87206975,East
22-12-2025 04:00,11.53306622,273.5037099,8.876636898,16.08783224,11.84879677,9.194565436,,11.04763675,17.79883862,75.23705049,-8.096645916,137.9933487,17.45582983,12.41265334,East
06-09-2023 04:00,13.28787367,253.1303088,-3.625084432,2.588998837,0.775551462,-3.924230772,59.59033569,0.120859804,,71.22684139,-79.54765133,198.1640319,7.592981943,3.107466734,South
10-06-2024 11:00,15.41543898,288.2281212,17.64374361,26.89748913,20.3676153,17.69649964,82.79156222,19.68595295,26.80948486,105.1400328,-26.59411376,121.4836005,23.27725014,21.50039182,South
11-05-2025 00:00,10.4776337,35.67505171,,39.20850702,32.88645405,25.20190465,53.17535793,30.13563648,33.76079147,63.46162351,72.65752449,45.84113977,30.00598122,25.51053004,North
02-07-2025 13:00,14.29209636,400.9356522,10.42687906,21.20656211,14.49636314,10.17406125,75.77061516,16.06022055,12.86205512,99.04071796,68.00039206,236.2951046,17.40577138,15.46694932,West
27-07-2025 21:00,6.630875584,1.460634236,1.124942459,12.08533139,6.820442515,1.357169094,36.39923259,2.544088957,9.841747097,14.53798862,69.22285344,341.3984447,9.099328714,10.43382108,South
22-05-2024 23:00,9.547082413,104.9642649,21.91600201,35.70868105,70.34570692,22.03669471,51.72631164,27.59511854,34.92170484,59.19561738,-45.51949133,129.592462,27.5041668,25.57995627,West
09-04-2025 11:00,18.43408756,863.1661603,23.48254568,30.69837224,26.19072001,23.38319431,91.5528988,27.91478816,27.90359672,111.2158462,45.96142382,99.3910173,30.70005935,30.03647911,West
21-01-2024 22:00,13.83688234,342.8938874,17.46325998,29.23565835,22.92731931,17.88209972,,23.02689174,22.57450226,84.07751315,26.00036771,330.4660267,22.64181429,20.09016537,North
22-08-2025 13:00,13.7357621,332.0716244,1.019035415,10.18361066,5.437679264,1.248084593,62.97336609,5.341344432,8.781833502,79.15692471,-37.10341451,55.21114889,5.530471753,5.556416367,East
08-07-2024 12:00,18.60618449,1179.814069,5.993140635,15.18626289,8.546774607,,88.89270999,,13.46401013,104.0497892,-65.96717879,334.2445572,13.15634086,8.81674983,South
21-05-2025 03:00,10.04674475,51.68862618,19.15644464,23.66634748,22.52380381,18.74038774,52.82361206,20.180802,28.56852197,59.28812284,4.203816173,101.9301027,23.93220936,27.15717469,West
04-09-2025 10:00,5.794406806,-83.45792056,-1.394360411,7.235803938,4.764332948,-1.301816062,24.360056,2.312768178,7.979096521,39.20198799,8.595281405,105.4351287,4.993805513,3.409975511,South
01-04-2025 02:00,21.85478073,1640.345008,22.70803874,23.78626226,28.33153247,22.7148621,118.6664477,29.1514923,27.78573027,130.4846294,79.04818475,160.3174651,27.81793695,23.59982061,East
03-05-2025 16:00,22.08581215,1549.873139,23.45923597,35.8933383,30.65196963,23.51979928,100.0851737,25.24909256,33.87699013,115.681239,34.10236959,11.67963539,32.01191996,33.16759553,North
27-05-2024 17:00,20.27093799,1301.500888,17.54542502,22.55398758,20.4008863,17.8848844,100.3988922,25.40764033,21.89125995,126.7108912,-51.37102617,97.48764683,24.876477,24.08111737,East
29-04-2024 19:00,,62.370622,24.95666358,33.95573384,30.54488082,25.38575554,43.77713528,30.41707359,31.33198081,53.81760517,7.108328218,26.06035177,34.92805976,28.68957307,North
04-05-2023 19:00,16.85286684,495.1279709,21.95066623,29.19809904,24.87860729,22.06529108,88.92855828,24.74160651,30.2268346,93.05908139,51.41961755,125.3788931,30.1257199,20.39078,South
16-11-2024 08:00,13.0906298,383.7228369,0.762533673,11.05297282,7.931534951,0.808431874,68.90316876,6.878416062,5.721712545,89.28653241,86.51201805,5.627946913,8.985759634,5.001326018,South
18-04-2024 20:00,38.06268319,,22.37034726,30.00411231,,22.59813956,36.26412033,28.24425975,27.17425481,28.9241544,76.02392521,321.0289762,28.13303393,25.94652027,East
03-04-2025 02:00,12.19781575,205.9718811,22.30572441,31.08379835,27.1670549,22.48979037,66.45284632,28.73668597,23.83482398,81.40845358,59.98426313,126.5421568,28.3893624,28.79223239,East
14-04-2023 02:00,10.92078113,16.89146729,22.37370882,27.44180574,24.69464918,,54.68124136,22.76716822,28.5396104,62.6419268,51.57151299,21.0277863,29.2768356,22.92239412,South
28-06-2024 09:00,19.63192354,1054.882877,10.34120623,20.00582431,15.71138222,10.56391787,103.5574709,16.26413797,16.05118751,113.9346796,34.3676372,156.5305658,16.96232839,13.68743713,West
01-11-2025 06:00,17.21836286,824.5764049,-5.207469034,-1.416024747,-2.485874102,-5.230632826,75.97816846,,-1.554595224,80.88458209,-6.284889078,204.0906794,0.511579646,0.807291685,South
17-01-2025 15:00,8.193128202,210.6214281,18.88000899,27.40006986,26.54163598,18.96281173,48.25123986,23.11842633,18.20814516,50.31605205,87.92053876,121.2227488,23.65715129,23.83558762,South
01-10-2024 20:00,7.121260334,141.695704,-2.794912245,9.01039676,2.087670319,-2.29876995,37.63904023,4.620319698,3.733168496,38.57301872,60.40348524,63.38618795,3.434328418,5.029044624,South
30-10-2025 05:00,,211.2037487,-0.899339323,-1.249526087,3.099161612,-0.631392618,43.27185104,1.876058363,10.56491941,34.76859708,10.40269785,272.5223735,3.7954758,3.635156345,North
04-03-2023 16:00,11.80572508,264.1462289,19.34784852,27.31321763,26.59325796,18.83828932,60.98437881,23.07620918,25.75086199,74.16268358,-86.61597689,179.7834858,25.20658576,20.88535446,West
30-06-2025 06:00,6.981713055,-67.02404279,11.35424638,21.30319432,16.8885738,11.50101704,38.12393897,16.56038996,19.69482264,49.09066924,-72.3094298,313.563793,20.10067764,16.67260341,West
26-09-2024 10:00,5.148670562,-2.988029529,-5.244803886,6.620054831,3.895573752,-5.988989206,27.84274314,-3.378397156,0.133944051,43.48870687,24.87701078,316.8842281,0.033961686,-0.882185436,West
20-03-2024 16:00,38.08265525,1035.617652,22.16337548,30.79078643,26.59127962,22.45008058,98.20519379,27.55357198,27.84614103,106.082887,72.23057054,31.23513313,29.68521954,25.65635031,West
14-10-2023 16:00,5.055978614,139.8702092,-5.559641224,2.943013123,-2.627420163,-5.419403632,14.39047504,-6.440465451,-3.896619381,22.5184665,-42.71854644,336.2748646,3.559184747,0.852073137,West
28-10-2025 16:00,3.092672085,16.74099776,-3.13495627,6.215708402,1.620495742,-3.089017045,13.25991164,0.765376698,3.674554095,15.54605272,33.86222485,299.0737403,2.432920404,3.507441203,East
13-07-2024 10:00,8.136991058,77.60586186,12.80689935,19.02775797,17.6378996,12.37260219,44.69962272,18.67829897,16.73887818,61.99598542,5.615650472,98.57471178,19.43284547,15.50803897,South
09-06-2023 09:00,7.876489584,90.75012669,19.26981091,30.98508008,25.14170908,19.96802063,35.9033257,24.7278728,30.39326959,51.29222009,-37.17551913,141.890136,31.54555474,24.07584929,North
29-08-2024 12:00,17.17097373,775.6862893,1.27908538,11.89873687,6.077313421,1.097853954,92.93959586,4.786691255,9.346333092,112.2802634,-54.03413929,291.0699832,6.337560623,5.080251355,West
13-08-2023 10:00,13.20083313,340.8961308,-0.197808604,5.087769046,6.726615914,-0.574048977,61.46208198,4.519158419,6.860823154,64.20397305,24.24617649,25.95127061,3.275887315,7.875998062,South
14-02-2024 15:00,10.8401209,286.9123082,19.10390471,29.37706987,23.42283836,19.3500861,45.5025349,22.19762223,23.87556541,37.4300092,78.82037023,249.1990981,27.58496831,20.7819229,South
10-12-2025 11:00,14.33229663,592.4221407,2.74244383,10.45287552,7.700264206,3.226572587,73.00650446,9.187981411,8.853936429,70.87456453,27.31789917,25.66126725,10.14322771,10.23920432,East
06-12-2025 05:00,16.69646686,567.2380095,1.013316791,5.299812294,5.050966414,1.042128436,83.37901796,3.603400945,10.11470694,78.92978075,-24.33053757,128.8558342,8.494114263,4.967877774,South
29-11-2025 23:00,,-90.72068201,4.187230349,12.017111,4.796081735,4.406718225,,7.392833363,9.877188586,44.11756365,-64.5951673,23.85334914,14.09933724,13.25964713,East
05-11-2023 09:00,5.027422296,-15.38404628,-3.353327839,6.751603402,-1.240443001,-3.018028126,23.03153636,3.578382334,-0.567476425,28.46758936,78.79144423,92.86810354,8.028293261,-0.697299629,North
02-04-2025 12:00,14.93785666,497.2447955,23.07238146,31.4679033,24.03690303,22.69662452,81.85864217,26.31010048,33.01698105,107.4248073,-2.760702242,233.7006841,28.36714521,27.63021528,East
01-12-2024 12:00,4.348347725,-71.7701888,5.434865274,13.67181802,11.88616393,4.848676156,22.1397157,5.036773587,7.309323286,26.44048278,69.70878011,109.8955614,15.86787737,9.09409154,North
13-09-2023 20:00,1.263163531,1.839512158,-6.622368883,3.0383387,-2.240788929,-6.223645232,0.775431173,-3.285921501,5.355682434,-12.10090092,-22.79488397,203.2724044,-0.108194231,-0.88238328,North
05-09-2025 08:00,6.503267751,163.2286554,-2.939282991,4.837062501,0.982089094,-2.262726181,38.09014866,1.472776779,2.812260765,33.24437973,-31.32990522,278.4469907,2.269372449,1.389569229,West
23-07-2025 23:00,14.80039865,310.0359786,4.901121642,13.34846633,12.74726499,5.047544911,76.90904421,8.081339385,13.58586675,97.38292976,47.760154,82.40000336,12.89567281,8.02528189,East
14-10-2024 01:00,1.969965083,29.09342825,-0.181277539,10.75177549,6.932701502,-0.936313813,1.323070399,5.349897473,7.976363271,-0.358660992,-89.77351698,75.93366649,2.807288624,2.500147071,East
12-04-2025 18:00,6.764434598,194.2985668,24.07756671,26.04539558,24.86345097,24.70049154,30.66656049,28.67952561,34.19794163,28.96655917,49.25701502,266.1974434,31.00796906,32.0589001,East
17-08-2025 21:00,7.371260115,22.00386973,-2.489979831,4.177986755,0.543783914,-2.963371651,35.45266911,0.544900308,0.644816296,26.8562629,-51.63740552,327.9839496,5.096557736,3.002403096,West
07-03-2024 21:00,16.69743335,557.0153601,25.53091069,36.7814811,28.09170333,25.09352813,85.24978396,29.06294124,32.29712777,89.40544722,-59.90778852,,36.43847052,32.84273003,East
21-05-2025 21:00,7.354872248,125.3473305,21.23644342,28.55640512,27.80167759,21.4332195,36.63199966,23.52125638,24.30235242,31.75148491,27.4848165,36.5032445,33.7414522,26.49052298,West
03-01-2023 06:00,10.59662725,70.51012743,10.31506243,14.43583926,16.375547,10.54421164,62.94292193,14.94984303,19.46235096,87.88284725,84.05579195,127.9704125,14.30580149,14.24730022,North
10-10-2025 11:00,10.09168075,196.7074559,-5.488009982,5.402056943,-1.495009465,-5.645630618,47.97959985,-3.554671178,-0.799352022,239.8676973,-28.29690965,216.0381557,1.488072089,1.027547759,South
17-02-2024 16:00,10.20892743,30.30908636,24.04355462,33.96950863,29.72595533,24.21915154,55.72566189,30.00688655,31.61819052,82.81774054,9.89731498,290.9095111,29.57538862,29.11386511,West
23-10-2025 21:00,3.846429978,58.35058055,-7.694849649,0.803568293,-3.347168798,-7.546121803,19.19118575,-4.291285147,,28.97580956,-68.56978885,39.9293362,-2.972194697,-2.114487385,East
21-02-2023 00:00,11.9488118,94.81124585,23.43495074,34.26198373,33.46768325,23.57014659,60.13924742,26.66521215,30.27632863,60.3915156,-33.02181885,193.661205,28.38648658,30.05338586,North
10-05-2025 02:00,9.014818459,-68.06034273,18.22748797,23.96884237,23.025018,18.57248503,50.35249669,21.5795573,,46.87535588,37.69871322,33.19881539,25.01933241,23.03575583,East
19-07-2025 13:00,7.767298755,190.5970728,1.578841413,13.36991352,8.027135734,1.146228462,38.48364718,6.140548933,5.835096427,60.33350679,83.68667854,235.0462904,8.0759655,6.74389136,North
22-03-2025 22:00,7.905213858,83.60112113,22.04755939,31.66802256,26.13141363,22.24417499,48.08434205,30.31468932,35.57713046,51.84562343,-21.30351084,267.4986781,30.64699691,27.34650095,East
26-04-2024 05:00,14.1467702,430.7558819,21.50169624,31.93677169,23.97107074,21.54897101,65.66803222,24.33192,28.74431264,68.18168865,72.49721725,37.163317,27.18766111,28.43698148,North
05-06-2023 11:00,5.131064646,232.9038249,16.08755997,24.22471392,19.99089377,15.99296819,23.81620684,18.75724943,21.79478702,24.77511049,,267.3570683,20.42940383,21.16897431,North
21-01-2024 05:00,7.208354521,8.672832233,12.71668804,22.24364547,19.67725727,12.75374754,32.46002407,20.01390093,16.13155579,47.66948227,90.15941696,155.5100546,20.17519052,16.74957422,South
02-09-2025 12:00,2.582086106,97.86205547,-3.982954715,8.182649958,3.197548532,-3.693952133,20.79473046,0.257815774,0.199697802,26.69991826,7.305093205,264.3315479,4.98523544,-0.109406538,West
14-05-2025 20:00,16.11231606,716.9079151,19.8145196,29.96460534,18.61795943,20.14054239,82.86672047,23.15790411,24.75422845,,-1.304009812,118.6048838,25.64324942,25.62787361,West
15-12-2025 20:00,3.211883159,-9.90313619,6.159676771,15.0817715,10.9545772,6.336087247,16.34349172,10.95589024,9.645388429,-6.058021676,,216.2588238,12.04862209,10.27757435,East
05-08-2025 20:00,10.48645048,446.3487441,0.722741912,13.39047431,3.714105782,1.04694611,51.70490521,3.118125544,8.613963058,80.15854723,-60.33035622,29.04399825,10.53383039,8.070800347,North
20-12-2023 04:00,19.51690452,981.4070783,7.255428172,21.01145442,11.22769488,7.140682603,92.61840314,13.786384,10.73092003,115.3969469,-50.98765658,36.00511972,17.55782734,10.84656665,North
17-05-2023 19:00,8.680293283,0.971169692,20.23372059,22.25249587,26.93557008,19.95243214,50.92920943,21.98229788,27.19854153,68.73470484,17.35966151,1.623107277,25.82139483,22.63342693,North
14-09-2023 02:00,16.81680149,901.5805923,-4.126361627,5.310200581,0.838013933,-3.967920986,82.99246908,-1.153625775,,98.33877599,-73.45295446,153.9757875,2.783945992,-1.649345938,West
15-05-2025 20:00,8.615152978,76.72486565,21.65155901,33.86983487,26.6405646,21.33527564,31.5176116,25.42512746,24.89695105,22.04873777,38.773931,92.09227794,28.83976,,South
15-01-2025 08:00,13.28403145,294.1231459,14.38702194,22.36068651,18.59964781,14.12510183,70.1026071,,21.06223842,93.70097001,-74.83509341,320.7993603,20.47645417,16.79940368,South
30-04-2023 22:00,15.51240166,497.7491613,24.03548807,27.01460923,26.9949552,23.93151464,74.10193247,26.68586987,30.53341923,78.1362875,-76.76671442,24.52567619,30.15643123,30.61975176,East
25-05-2025 15:00,21.11505469,1456.660233,19.42727074,28.52448218,24.80911037,19.58022942,102.5140571,23.99273252,25.37480135,102.4429262,-63.59538463,321.2052758,27.71618231,22.76088933,South
11-09-2025 16:00,15.93663263,515.0995377,-0.727128296,8.080020627,4.704629335,-0.704958515,84.48541157,4.555839854,6.372332611,103.1733923,-46.27720775,304.8005765,8.172219748,5.338620963,East
24-10-2025 05:00,14.99365582,462.0229222,-5.023095835,9.33719357,0.466087038,-5.221518613,73.00945792,-1.383700592,1.310942397,83.00823391,-71.28663301,28.33689593,2.309004227,0.291881589,South
07-10-2024 01:00,15.52052235,583.7598739,-6.305839396,-1.404001851,-0.70951312,-6.219286732,86.43760601,-4.193926054,-2.899239573,106.2002443,-39.99903536,292.5446212,0.927769237,,North
08-07-2025 12:00,15.72183525,534.5766057,7.277080464,13.76274806,8.441566363,7.332529552,85.44353132,12.29933922,14.44561722,107.8698505,-65.76059019,201.1840238,14.95116259,11.70413396,South
07-12-2025 03:00,3.272426638,55.36639789,2.621386286,15.64917512,7.046911027,2.642190554,16.04018139,7.660071288,8.577767007,4.682539477,-38.12850848,74.54709266,10.02787471,7.489601962,East
06-02-2025 11:00,17.57029541,940.7548029,21.80103395,29.77746508,28.66536094,22.2913487,85.70046965,27.34495418,25.56406946,108.1210046,-26.113681,138.6535156,27.82118559,27.75881133,South
27-07-2023 05:00,5.99043062,91.24331752,2.778894578,15.64685599,6.013652105,2.79525511,19.2647965,5.469702721,9.025815012,25.12238864,,254.126885,10.19503099,8.450278418,East
27-08-2025 21:00,3.293122715,-121.7210069,-2.057582053,2.448900751,3.851928131,-1.759874628,19.39633172,1.284085549,7.810445363,25.95467565,38.84427708,118.584255,1.234831378,3.936833561,West
16-11-2025 03:00,6.797526085,63.91950288,-5.184895605,1.663991417,-1.883656943,-5.14328133,37.53554519,-0.516807137,1.784993527,22.51720918,21.29832523,,0.403448299,-2.336134506,West
29-06-2023 02:00,7.09440361,103.7270765,8.977474336,23.23172103,16.3715478,8.666640289,31.37298384,7.487023572,16.6261432,51.11972627,68.45639695,-1.226082344,17.66031994,12.30696027,South
11-09-2024 08:00,6.781113113,-75.17819825,-5.477023709,3.24576641,-0.825283598,-5.758784241,27.36246356,-2.553451158,-1.892261415,27.26153147,-0.994921215,217.9837597,-2.61850054,0.078390337,East
09-08-2023 08:00,3.483530127,-30.07695664,1.024732951,2.92707866,3.81026619,0.72449285,19.01484712,4.88792913,2.506046332,20.30974321,-56.80171829,200.0551415,9.293514101,2.953339689,East
24-01-2023 03:00,9.541320823,222.2849071,15.6985901,27.01522141,18.25123381,15.89396356,49.32863469,18.85982655,26.63139927,73.73077068,79.63195569,179.1720036,26.00238613,18.62931775,West
04-08-2024 11:00,1.45075948,-7.367658983,3.475885945,12.02714638,6.542517329,,10.04573788,6.460310683,13.14923649,6.118260211,-1.224865855,269.0953858,12.42542012,7.337399586,West
26-09-2024 22:00,3.29161741,15.16180016,-4.40525786,2.474284248,0.870125942,-4.777834424,13.96243718,-2.231875037,-0.525529751,27.07434855,-53.15291164,279.227076,3.159048476,-1.535965112,West
22-09-2023 14:00,9.844108915,151.2529153,-6.18860029,1.899552801,-1.164380252,-6.28361612,55.25351179,-3.397918204,-2.1199404,59.16912973,-28.00937391,235.885205,2.916712312,1.998436745,South
22-11-2024 17:00,16.33164646,700.1927858,6.536257478,7.657946607,9.14616092,5.978480643,78.29469408,9.055885855,12.05583209,111.4868558,21.62381603,26.64063506,13.77417122,16.26376952,South
24-01-2023 05:00,20.88571476,1631.95412,16.40792465,21.24451346,21.33335501,16.26850904,104.6459157,14.31474772,23.25645906,121.1216345,3.798944431,225.1763128,24.39117528,20.54501386,North
15-10-2024 17:00,6.606321241,186.2318804,-8.828462855,1.347844711,-0.800417476,-8.883827065,32.8526653,-5.945630622,-5.927258132,36.14727445,-12.8781424,196.0831313,-0.962747019,-7.36185742,North
02-10-2025 23:00,7.012760513,128.3748488,-7.395404448,-2.333534985,-5.676328297,-7.220278549,32.25141262,-4.318621154,-0.009311156,48.26538832,-45.08642905,283.08483,-1.927571043,0.980309401,North
04-01-2025 21:00,10.50830401,35.82144221,6.305505799,14.39759052,8.636088166,6.474662214,62.21878644,9.532223764,20.00921308,84.60795009,0.044385533,139.0631456,12.35343714,12.80457112,South
20-01-2024 00:00,11.6768935,162.1306954,14.56451636,15.56872163,17.85389004,14.45030802,54.45438738,17.5660534,16.8052976,65.58649731,3.840474054,338.3641361,19.78362189,19.72437698,South
10-01-2023 15:00,18.55804937,993.7005327,9.46580511,22.19353733,12.68235616,9.04088838,90.11967386,15.65000127,14.42864194,108.454827,-53.72666919,338.069211,17.43394207,12.80595081,North
17-02-2023 05:00,11.62139085,134.2213943,20.51937333,32.58288463,28.25814331,20.07736216,66.3601889,24.42168192,24.20160067,75.97058612,-33.20628443,38.32342147,27.97573754,27.27253451,North
27-10-2025 05:00,2.355798328,19.05741343,-3.633885946,7.718526119,2.153606701,-3.57478309,10.59931006,-2.128890562,3.319368815,24.84927254,58.15501372,251.5599859,0.547798334,-0.764572424,West
27-05-2023 17:00,12.55814559,214.6132241,18.09223737,22.08971033,20.46523578,18.29945415,73.07977447,20.90558231,23.54360354,112.727036,-65.04462442,211.6288133,26.86312205,24.99258686,West
03-02-2025 00:00,15.13833528,419.4591747,19.56674234,29.33850219,24.88387288,19.78815142,193.0614669,27.9176741,26.54093549,87.0652705,41.16155573,150.6215659,24.62169399,24.30366384,East
24-01-2023 22:00,12.05655925,86.17394735,16.40299944,24.49143491,23.01638687,16.00017615,58.9940398,17.44791294,17.69428983,66.83077603,-20.82451547,217.7315553,25.04240686,21.73152131,North
03-01-2024 09:00,10.46777302,413.8401748,7.401673899,16.09679381,13.62971954,7.536203608,47.33077443,12.92679868,16.39301853,48.78207706,47.4892359,123.6022097,,15.03533441,South
19-06-2025 05:00,20.06568478,964.5924812,12.6280839,20.32759736,21.07960937,13.13307544,95.88746088,21.47376209,23.69646622,109.6309163,35.80214472,77.02218716,20.47543579,12.84087555,South
01-08-2025 10:00,4.342229032,-9.002226477,2.791190102,6.866941623,8.921361373,2.842130546,19.37964708,6.662017073,9.332334962,6.982865188,21.20265641,211.4031729,5.734512187,8.160264915,South
05-08-2025 13:00,3.74623428,40.6731149,-0.014876528,7.93433898,3.515812794,-0.678259386,14.30448042,1.920138794,3.611105247,-1.363582607,-3.098993918,74.96641913,7.917037619,10.3929161,West
29-04-2024 09:00,22.23422203,1739.105435,22.11813206,35.47009967,27.34572122,22.02596469,112.4179092,26.78230399,26.44461058,119.4739765,28.7147506,9.999696599,24.39511914,29.86392193,North
06-07-2024 20:00,6.126281634,46.95299195,6.616315614,15.11270401,12.96877455,6.225884751,33.17784023,12.69467586,9.696135526,49.99238832,87.91474295,116.611412,12.97021419,11.24706058,South
27-11-2024 21:00,12.59614933,,1.194035472,9.445178025,1.811734999,1.16928622,55.94155574,9.411739155,9.64271622,60.66881504,-14.92250489,108.4297539,7.952609611,5.256618409,West
02-07-2023 05:00,19.00625146,1142.39396,9.599923934,19.67394115,21.26045074,9.429205197,97.9274326,13.56254787,13.71254955,133.9893029,-68.89457628,40.85912444,18.03805928,16.02811148,West
28-11-2024 20:00,13.09007463,487.0005614,-0.469946878,9.206223573,3.715608007,-0.538281028,194.2395987,4.859969595,9.964588886,65.12757775,63.86699643,251.6007042,7.444349891,0.663564361,East
22-06-2025 17:00,8.384527864,137.9808824,11.80963389,18.21242419,16.76563366,11.46798246,33.10064268,16.63067745,16.13141667,27.63183998,83.00727959,200.7625971,16.55764301,14.92537448,West
16-02-2025 14:00,19.87377332,1162.943473,19.86162772,33.76910644,23.51995681,19.72261053,104.2119379,23.62574345,32.3929231,108.292369,76.58804454,217.6880895,29.39932024,27.93500417,West
09-04-2023 09:00,17.52457951,950.0336169,23.56827081,34.81766235,28.73464045,23.56709878,88.34957454,,33.06860655,97.35510555,-43.84100863,37.21370794,32.34198168,28.2171667,West
10-02-2024 11:00,9.051880705,43.32968527,20.71430784,27.96124864,25.12206947,20.89988336,49.92313621,26.27249504,26.85562239,68.68494497,0.519470777,303.7146921,29.23183209,24.33691039,North
05-10-2025 01:00,1.349005231,-120.2812364,-4.458883577,1.08973651,-1.856033136,-4.063133651,0.32791572,-3.766194204,-7.146195595,2.653464585,18.3253694,329.7521033,0.113206802,-0.516485859,East
09-12-2023 12:00,2.683885215,118.9110306,6.134206722,16.56914919,7.895571147,6.251080737,13.61920835,9.77590668,8.647406305,13.31669674,28.17393507,186.031239,14.09056295,8.301507572,South
13-01-2024 01:00,38.25008132,849.9713613,9.132385389,17.09424007,11.95266501,9.067989573,94.7473473,15.53807899,10.98178484,91.18030596,67.48604687,250.1866224,16.97819686,17.42702027,South
29-09-2023 10:00,6.095311219,-59.47631844,-4.786587612,3.547289344,-0.215347225,-4.923807474,32.98025485,-3.709172701,-3.781690618,47.64629158,-21.36844139,349.9378076,2.087743174,-3.463895735,East
18-03-2023 05:00,14.99185989,539.5227429,27.92937838,38.3341155,37.8771169,27.72096451,,31.851351,34.58969398,71.40649632,-66.18110822,244.8965888,34.38567761,30.76146971,East
23-10-2023 18:00,3.674043034,75.99346022,-5.233961376,2.891522381,1.45080544,-5.258276655,14.09645373,-0.598894855,-3.039148565,31.46118299,67.15551057,103.3518144,,-2.843050038,South
12-05-2025 17:00,19.1136292,1282.869356,18.75529495,31.29961707,26.74057099,18.56871079,93.18164062,23.77485381,27.65064062,124.2770624,,202.1984928,25.58422068,23.11515184,South
26-06-2025 00:00,13.26993316,510.721726,11.47627676,15.38663623,16.76922044,11.44946036,66.80810933,12.81004955,16.80994997,77.57501214,-34.74759541,188.6648011,18.30505134,13.26383114,West
19-11-2025 11:00,14.87110742,488.5531306,2.317320083,13.82853929,5.896858043,2.090647052,69.05903356,5.680366098,10.75572387,102.3597746,-23.69510042,119.533396,10.64356785,5.8152171,North
13-07-2023 00:00,14.17305397,504.5076316,10.77968589,15.93387663,12.82788607,10.75865083,72.072272,14.32078114,18.13875893,102.4692921,-3.425089618,172.0832172,19.5198198,14.86832435,West
19-10-2025 23:00,5.500411948,-60.65787879,-4.438657926,,-0.970820809,-4.758727757,28.48810932,1.395766248,0.758946556,27.92701632,26.88286349,153.6039684,3.357799535,7.339857359,South
24-02-2025 05:00,11.16075863,216.0122301,22.34464247,21.8931682,28.85449791,22.43862714,,24.94457402,24.65928376,83.26491508,-75.71944823,244.3525137,28.71397594,27.08117052,East
11-05-2024 18:00,,740.2961913,19.49326215,26.39313535,26.03407505,19.30035079,83.97034213,20.77507976,27.70732266,89.95039385,78.643514,10.00659707,24.69741119,20.73933107,West
26-07-2023 09:00,11.36100334,160.5293804,,12.8210643,11.64487004,5.220077588,60.79469911,7.872562665,8.519829439,70.33730226,-30.22209493,347.0447363,7.487443563,8.36042329,East
28-11-2024 21:00,10.5015183,172.981442,0.666558163,0.294282087,6.845413071,1.133517541,57.80800816,4.227836467,6.207571026,77.94793784,-22.81025518,63.27200651,6.098991223,,South
24-12-2023 21:00,4.991951821,-238.0223583,10.43069622,15.04425476,15.01304814,,20.27387882,11.49786324,11.48748468,14.04133653,-71.08233498,312.9142157,24.53165827,11.24182131,North
09-04-2023 16:00,22.29599674,1727.043161,26.95789771,30.74602232,35.206389,27.10712786,105.3790786,32.98677034,27.79928853,116.4067635,37.73472994,281.751481,30.56912662,32.83307506,North
01-12-2023 06:00,10.41072574,109.999229,0.632384008,9.806664208,5.591233473,0.852858242,58.39414666,3.224538691,3.599368802,48.2031124,-28.00600259,244.3881731,8.30341936,3.69485994,West
02-02-2025 03:00,12.09877301,263.8087474,19.26851844,24.07679245,,18.87251051,59.60254048,25.17436669,25.494431,67.2738932,72.06591595,73.72173978,,24.84478281,North
20-06-2023 19:00,12.47604885,298.1581574,12.82891949,24.08285836,17.10410576,12.75359104,58.92833568,19.14369189,21.99774604,67.60375144,-58.50788651,204.8022831,17.1747079,13.68700584,West
03-02-2025 10:00,8.452732794,97.64977512,16.50019312,20.61349945,22.27884983,16.57733742,39.92301872,16.70788681,22.0857615,43.28990115,-4.432309304,204.7189517,23.75590385,21.83981355,East
04-11-2023 03:00,15.53700709,670.4260571,2.190110114,12.37956681,8.534563069,2.19423485,84.43814752,8.136211308,7.847423216,82.61780246,49.85902354,,11.24997781,7.389026808,East
26-02-2025 20:00,22.03755283,1442.896397,24.08597077,31.99445358,24.63349523,23.6630913,115.0772916,26.85811964,28.62008315,132.5829642,-24.32262587,97.93548682,32.60947784,27.74043299,East
04-04-2025 15:00,11.586017,,28.12316266,34.59245413,33.29481486,28.09740808,59.12729267,32.20031531,33.26572283,67.01937189,-52.99369207,118.4298024,36.08871528,30.83342894,East
19-04-2024 07:00,19.73831224,1240.376029,18.67418556,25.55431239,20.1986221,19.4855784,101.8514901,26.53970243,25.23994118,126.2021682,42.12925092,252.8048107,25.60267853,23.90545038,North
20-02-2025 01:00,15.95173927,533.395792,16.34343405,23.806859,19.78013038,16.82806679,75.75520764,20.85973884,18.06968352,100.5317958,-63.52222654,261.6744691,28.12800358,21.52028629,North
23-04-2025 18:00,18.95808912,1011.428056,28.39381845,36.33012902,33.13076921,28.41083438,96.95852881,32.2654388,32.86230285,121.0651701,-30.78085079,241.0965198,,31.32748493,North
18-01-2025 02:00,20.79520912,1224.655367,11.19062359,24.55087559,16.77198062,11.66664755,105.2735901,,15.90756281,126.9241642,-9.184950158,320.1147628,18.94263047,14.15241697,North
13-04-2023 06:00,15.52179067,457.367034,24.48795615,38.1691432,30.41401818,24.27572379,77.5486986,30.57681492,30.31381392,,30.76393399,97.48810553,28.43676348,33.17929031,North
28-05-2023 02:00,14.33515318,,17.9074912,24.66844939,24.02065214,17.19198352,74.30967884,22.4990396,25.70450022,88.43653859,-33.35921698,13.7398599,29.27014753,23.51246679,West
16-04-2024 09:00,8.136334147,0.116185038,23.40962874,36.91328623,30.57265455,22.93775815,36.03699726,25.73445199,34.07489738,47.22515389,-29.92798996,305.8365864,27.73805051,28.19772935,East
19-01-2024 23:00,8.753343241,94.12373999,13.43041906,26.69166591,18.38752791,13.83014952,43.09620241,15.53060273,19.62272081,48.75017837,31.67122268,350.1246353,23.04392505,17.54390313,East
18-10-2024 16:00,0.378782825,-75.56945447,-2.677529045,8.650484631,2.305486226,-3.060781105,-1.47702131,-0.215586873,-3.401552687,13.93744464,13.20143722,289.2266563,1.271898183,2.257996769,South
12-03-2023 15:00,15.789921,686.0140849,26.88034606,37.46126099,32.54608867,26.79322341,86.2215241,33.19729849,25.31020486,104.6599791,24.05591889,34.57523379,35.97634328,30.989843,South
13-11-2023 17:00,13.23578422,443.5193122,-2.250808258,2.907134785,4.090758922,-2.246032968,62.82030434,5.16914184,8.499154039,86.78577575,-75.81566367,161.651977,4.298324471,1.304370111,South
09-06-2025 18:00,7.638760853,217.0051786,16.60210533,23.17586487,21.53462918,17.16525962,39.81912064,23.55621364,22.13869272,56.52103601,12.04917168,268.9100558,25.86608046,16.73418459,West
13-03-2023 11:00,11.95324928,157.2836543,24.19672977,30.68750438,29.13594255,24.62991964,63.95577406,29.03738558,25.66058841,79.90033152,-58.81169521,288.8594008,30.95222892,29.24423691,West
29-04-2024 20:00,8.762932655,94.37125124,23.77557858,30.29038104,29.37562139,24.36141341,43.09065938,28.98161109,,56.70516516,50.05875322,350.2742644,30.44631461,30.13425121,South
04-11-2024 18:00,3.314402318,210.7835054,-3.121825495,6.928931329,3.497522974,-3.194546049,17.17167514,0.942072468,3.481184936,20.46931268,-42.92324287,257.2725906,4.708669759,0.090579229,West
25-07-2024 14:00,5.012241487,-116.5784904,4.273779933,13.41830166,10.83403178,4.306087675,29.61944933,9.044503037,13.53264795,31.00773286,-68.31274309,2.345814147,12.62564524,9.683402107,East
31-05-2025 07:00,18.74251177,1070.175927,20.27499524,31.66319214,26.76929097,19.93107051,99.97836227,26.63524436,25.96027285,,-6.652750576,185.3293492,27.84100629,25.11691518,North
02-03-2025 03:00,22.47856178,1896.59141,21.7283242,27.56139582,25.08534235,21.968449,114.7634714,26.30106965,24.10444982,159.7315867,-24.35555991,244.6706321,30.14424696,23.24435913,North
21-06-2024 23:00,10.6302359,237.2220137,8.966995386,15.33566682,13.26655131,8.446113224,57.2072465,14.07824612,11.4790934,63.5116698,-0.493746443,307.2291149,13.42462262,11.17466943,North
17-11-2024 13:00,17.53807337,861.5388968,-0.292388373,6.16801402,4.183231145,-0.447944945,81.0888651,1.812986533,8.55518637,85.63162332,-87.70956054,3.953925137,8.653819863,8.000738002,South
19-08-2025 21:00,15.80380417,649.4285817,-2.268927879,8.041417921,2.264393565,-2.197303068,72.02024048,2.5146979,-3.133560411,80.85735816,14.35697314,137.7358964,4.027123531,2.602097531,West
19-05-2024 02:00,13.95935277,498.977147,17.65032657,25.28011809,21.52980005,18.06739269,66.66225631,19.1975935,30.28995659,76.57449434,55.74107278,181.2522061,29.41062756,23.94347715,East
14-05-2025 07:00,13.48296401,404.1041839,21.03622076,30.14848906,23.95299702,20.64538199,73.83534512,23.82196901,23.20250718,94.75507828,-29.23808244,28.06426184,31.59177335,25.29979664,South
30-11-2024 23:00,1.904087793,40.35328198,4.115946988,14.99162838,9.211744178,4.272913926,13.10824239,8.053514567,11.18575344,8.796422001,70.82263527,265.718235,9.126527595,8.259384194,South
13-01-2025 19:00,7.651566424,81.48705405,13.17592891,25.0477247,19.03129606,13.10234182,39.02752495,16.23941099,16.69098941,58.54682378,77.88809736,172.827977,24.17277243,16.36544754,West
16-07-2025 03:00,10.31793355,291.0556289,3.21994988,9.626126567,9.131782803,3.348006586,51.26163952,7.390872442,9.792826403,57.05472076,63.40879744,206.8346044,7.405814167,9.08043524,South
07-06-2024 21:00,19.06598031,1221.050956,17.7386069,29.04239779,23.61490902,18.31552951,83.03834419,22.37121151,26.7055489,105.136687,-84.35204895,23.55355172,28.50904899,22.47602723,West
26-05-2025 17:00,6.034827297,125.3490964,20.86018236,31.0027304,25.47696315,20.49343361,31.93344295,25.10787983,25.15196737,34.76987036,66.4292146,168.970232,25.82475126,24.60099898,West
10-06-2025 21:00,13.60334858,375.6107566,16.62464498,25.8935875,20.95126141,16.51097002,66.93897361,19.83829939,29.52083424,62.69624653,71.71933763,169.9267085,24.32580849,18.3304372,East
16-02-2025 09:00,5.836518452,37.32675932,19.13181297,29.90683532,25.14838407,19.53171177,26.66040797,18.15380806,24.89271425,50.40482155,32.92993027,187.3134209,27.4710649,21.73469545,South
11-12-2023 22:00,7.484873843,55.76905971,5.289103776,11.30195267,10.98396626,5.731295992,32.78813343,11.00819139,12.41106443,39.89688766,-69.04143507,298.3142336,13.9623911,10.88050356,South
17-10-2025 10:00,8.164147831,,-4.66051476,6.149884522,-0.655891849,-4.705293741,44.58694136,2.869015164,-1.013833918,69.56568004,-40.56571333,,2.71448213,0.4687467,North
10-09-2025 03:00,13.300795,401.9781566,-5.31016911,5.701706902,1.67088362,-5.446774978,67.09846604,-6.043729574,0.108084061,85.10805113,-67.03514897,209.4384802,1.107802604,0.371772539,South
23-06-2025 06:00,12.57124005,416.2018653,8.590586308,18.92953817,14.28368034,9.176290748,66.13724921,10.99997081,20.71071055,77.82094042,-26.44128132,258.9761744,14.08656465,14.97988945,East
17-01-2025 21:00,17.72109115,858.4568544,15.02625309,21.63495299,19.85824495,15.03067391,89.19059597,17.85454047,23.50395148,105.6539899,-28.67302294,41.01293749,26.42654795,20.07568379,West
28-07-2025 19:00,3.476345689,-46.6790964,1.828086068,2.167657565,6.748090073,1.711153148,9.546458002,6.063909801,5.396113303,,-69.87407859,43.04488829,12.31030866,5.511448804,South
09-04-2025 10:00,13.36926573,342.3042129,27.65013482,34.8634968,34.63541719,27.63482066,61.71443121,34.40688823,33.22878598,97.5070053,-50.20143148,210.8472935,35.66226454,34.11503095,North
07-09-2023 00:00,12.2582469,390.0392499,-0.804986524,3.47883836,6.874373454,-1.080241614,55.73505934,3.129152518,-1.983049858,83.03995002,-19.74062224,298.358057,2.939216964,6.329268088,West
06-08-2024 15:00,7.326756655,-88.32523119,3.015246988,13.08324257,5.595793836,3.379149626,37.11874796,2.63740499,11.51175464,38.40334845,35.86918729,336.1966545,,7.677637402,East
13-02-2023 23:00,10.43020849,30.66140536,21.38437645,31.91910867,26.79932579,21.21900799,48.30077526,27.400756,27.81892902,59.6189792,74.70624998,56.11476912,26.82083627,26.52223238,South
20-12-2023 02:00,12.43079458,356.8576568,8.137546152,17.92478181,11.81403289,8.102040205,62.3001028,13.64086408,14.57717103,78.13975951,-42.94850736,265.6193793,18.04637984,13.7386181,North
06-09-2025 03:00,7.001532353,68.15678887,-4.059942424,4.458856819,0.93326974,-4.243859334,30.776232,0.229803347,5.162503562,49.02316167,-61.29052518,275.375832,2.421503757,-0.324928609,South
30-03-2025 06:00,21.45856929,1402.722343,24.93049552,33.74814901,29.30205596,24.93091996,101.0055107,28.14544277,35.23282542,112.1069858,-77.21935325,252.7487053,34.63526477,30.10426974,East
17-06-2025 15:00,5.251376073,-87.8076665,13.45802685,21.31251524,19.34241037,13.67459772,24.68490706,18.6962765,21.64017661,18.51195306,-47.11147457,270.8735292,21.6053609,18.74591915,East
15-09-2023 01:00,2.681323516,143.9542438,-5.66691692,-4.58566128,1.127008703,-5.198089402,11.60381701,-1.618292775,-4.375828498,25.5698314,66.31070172,220.7787325,5.11235653,-1.297797636,East
08-04-2023 13:00,19.96854609,1224.743363,21.93517698,,24.15747468,21.82820064,92.9932597,23.95025232,26.05938083,107.3135668,-54.22506721,132.472338,30.09020465,28.29670145,South
26-01-2024 00:00,19.03610634,1143.850854,19.60874109,23.88525239,,19.34363205,95.81471098,26.70330508,21.28377704,138.7595582,-3.922476549,162.0198017,23.24403263,21.01161246,South
23-02-2024 01:00,15.34671421,512.6396165,21.02480215,32.99129739,25.41772619,20.8480685,78.39426858,26.79571507,27.85916009,98.4665255,17.09940847,288.8685046,29.0840931,23.16045865,South
09-01-2025 14:00,16.40810415,492.3823437,18.25972207,27.16697391,22.35265676,18.47511088,83.40973137,20.67770359,21.98209058,98.90124953,-76.93317342,35.88451054,25.79693004,20.60916283,South
24-05-2025 00:00,16.69223168,656.935057,17.64834072,31.35953017,20.40688344,17.32428711,80.04929614,18.35577959,24.3458813,85.58575831,-88.2304523,306.1646244,24.29302046,21.53614112,South
23-08-2023 02:00,7.165888517,250.4181853,-1.0954411,7.814958379,3.466571431,,34.91337665,3.173523386,2.406033474,46.87309941,29.58345383,289.4865199,7.383416488,3.149690619,West
23-10-2025 19:00,12.00207573,403.062735,-2.027640735,7.853074067,3.026574225,-2.095425191,59.60352026,5.861337589,5.299303943,238.3683917,45.42325636,103.4773627,4.763450235,3.81678861,North
02-06-2025 23:00,8.015215741,132.3059109,17.34817311,28.13482621,24.29290821,16.97294158,41.73858778,23.88047342,26.70455855,68.91968244,-59.77894964,340.89304,23.21785675,22.70358598,North
31-08-2023 23:00,13.61235668,386.5113742,-1.989125877,6.461130439,1.649613695,-1.792487944,67.71924,1.46276196,6.495100582,93.4061631,-7.036894637,99.8155873,6.55021105,-0.059763273,South
20-02-2025 13:00,17.22492768,873.3348883,19.49113418,28.33161974,24.98404094,19.05524659,92.8624672,25.36459654,24.62215697,122.2196898,-60.80704365,28.99889758,22.63336489,23.99257543,West
29-09-2023 23:00,15.03829708,411.5299988,-2.706564536,9.551668657,-0.366088134,-3.359240095,72.90886329,0.310039419,-1.162672981,103.5722934,-71.81278389,37.78472267,2.345970851,2.299289872,West
05-07-2023 02:00,19.21562675,1384.073595,8.226487959,12.67375375,13.42961887,7.851641118,100.4733028,9.040907675,11.5385038,135.6394373,60.51261026,181.0131072,18.3442829,16.52076217,West
05-02-2025 16:00,18.94749755,1013.86138,17.13213726,23.96231555,24.49732572,16.52990239,99.18617574,22.93681816,23.90729868,100.4701142,-11.09873942,40.8594149,20.14897542,22.87519963,East
17-04-2024 00:00,9.762959087,214.0391031,26.38485874,32.66611788,29.8521802,26.61897504,47.75239271,28.30900362,32.55920871,60.8289612,-26.68176079,213.4069732,33.82193797,33.52009577,North
13-12-2023 01:00,15.8962541,528.5686845,2.427321401,14.47665552,6.860822641,1.645551771,84.75791303,6.456125005,7.935170049,99.64227622,11.56891601,72.81981134,11.6668032,3.426570498,East
10-03-2023 03:00,8.033683118,154.4329436,20.25053454,26.96501887,24.07178989,20.07293357,36.89005496,24.62684068,29.29074207,46.03110401,29.5831993,145.6057342,26.16770134,21.96555853,South
13-04-2024 09:00,13.91013333,454.6748051,26.04507251,31.73346943,28.5186677,25.64545105,70.34039635,29.53748056,32.54742366,91.18556812,-36.97904529,9.484672293,30.5598049,32.59197675,East
26-08-2025 18:00,2.440077319,-117.3383613,-4.452693631,5.66493197,-1.61877336,-4.474956619,9.597083339,-0.25771906,-5.373117709,17.17234102,-33.80694822,7.458273118,2.430740704,1.382911933,East
16-06-2025 22:00,4.892060597,-65.6034955,13.83319705,18.26963822,19.66006674,13.73915678,32.96726993,19.01738128,17.15598903,19.87596885,-84.86664589,,24.00300377,18.44757003,South
09-03-2025 23:00,12.75993134,160.0715828,19.99235553,29.29825514,27.95754205,20.24139384,67.22785462,25.82412331,28.48369907,90.065309,52.26103029,189.8315222,24.43689999,24.79081196,South
28-10-2023 11:00,5.399784017,28.00205874,-1.252400656,3.731038974,1.920844529,-1.319549149,32.27365155,5.387303096,3.834969637,29.72183602,-48.93596941,78.10621522,4.212083518,4.665422783,South
14-05-2024 21:00,21.70368706,1549.483394,22.24343584,27.47021652,26.19310075,21.90725695,107.4478229,26.4427218,27.03980198,118.9569465,65.90594298,184.6284417,29.43379144,31.1851819,West
30-12-2024 01:00,9.244371723,272.7256405,9.66536638,17.53816488,15.50274886,9.405371325,38.5497926,12.79137919,,238.9343288,-37.83642957,279.2461157,17.11359403,13.60187662,South
26-10-2023 06:00,11.85274034,213.8047238,-3.468918169,6.985710695,2.751919004,-3.449588666,57.74132794,0.635136481,1.864344945,80.46443122,46.05927178,43.87711164,4.590043323,0.847877535,West
06-08-2024 08:00,9.686251828,213.3158679,-1.41675631,10.6329826,3.091175341,-1.222994154,47.45065851,1.997113813,3.305795604,62.10290265,-1.856510255,255.6047594,5.332436664,3.652066556,South
02-06-2024 03:00,14.17166662,505.1143326,16.40593343,23.27893573,22.86156937,17.25477904,67.15656712,24.05764947,23.43424465,77.83365168,-77.45270833,201.6546565,23.50458716,19.59521441,South
11-03-2024 10:00,15.36421361,680.634182,25.06654345,34.25710668,30.79721988,24.8851306,81.99724905,,26.27447706,82.49936742,69.28145964,202.9176811,33.5786769,30.12865662,West
22-12-2024 01:00,3.17056823,34.7002435,8.732367059,15.79655226,12.52913186,9.332099236,15.97826833,12.3522441,13.36604749,0.456645709,-36.31428219,207.9324537,13.63574648,18.32434558,East
29-04-2024 16:00,10.46526566,129.0308673,25.2807789,25.99438699,32.13186868,24.9570413,59.83974462,31.19004379,31.20499379,73.66283432,43.61052112,123.9026304,35.15395541,29.2167399,South
26-09-2023 21:00,15.19322517,419.9065874,-8.238894883,3.576357265,-4.3916214,-8.032307697,69.48892014,-6.540026082,-5.501886554,80.49184795,-28.69129834,183.8026433,-0.716214412,-4.991631005,South
17-09-2025 22:00,15.1773495,,-2.343598334,,2.678010079,-2.128299465,70.72886143,3.005773545,2.585664965,70.5781234,-73.12181577,181.0491103,6.122033677,3.489620052,West
17-12-2025 18:00,14.21922597,441.3977093,5.556624814,8.434020933,8.355162418,5.344961733,65.87085356,9.872561981,10.95227594,81.27960969,,139.253367,10.71345588,,South
11-02-2023 08:00,15.52820435,544.4972909,21.13444074,23.8272629,24.38242484,20.74995943,75.71606133,25.95167243,32.71180676,60.08532309,31.36767107,195.2743204,25.05411658,28.04519925,North
24-03-2023 23:00,11.51878002,99.76171396,27.25404242,36.81757322,33.01864297,27.17369363,58.1337217,28.29621998,33.29818235,89.09347971,56.24161848,123.9953305,35.22297722,32.31476916,South
23-05-2025 02:00,18.54691615,924.3256196,17.08268038,30.8987801,19.78518906,16.52465255,85.80240434,21.92031632,24.64528669,96.00153616,-81.03958034,95.74359387,29.07561329,23.20928277,West
03-06-2023 12:00,18.77946248,851.4920931,15.82474811,25.39808485,22.60919996,16.15771248,95.1653221,20.52791802,22.61180051,109.7501685,39.89584383,234.6261501,24.07932116,21.39685959,West
21-03-2025 12:00,6.466826998,87.33974226,27.13298134,38.5321067,33.41034267,27.34516959,35.69389927,32.58760571,38.65165599,62.0621152,69.25633984,204.5466341,37.32719717,33.19475194,West
03-12-2024 15:00,8.326457029,49.05494989,5.076585491,,10.41422157,4.497288125,45.93903533,5.231605642,,55.9791771,64.01367795,351.8197683,14.04670145,7.727231426,East
10-03-2023 23:00,6.676290614,149.0872247,23.90080144,33.55708242,29.90408567,23.86848265,33.61168333,28.7641762,27.79639737,64.69878184,89.48864491,279.0692907,30.94447053,30.59685577,West
13-12-2024 04:00,6.741436327,-67.23214048,8.644448754,21.71462384,13.64094002,8.983037081,31.16581701,11.90792116,9.070183598,28.73869866,56.24433879,232.7237712,12.79831372,14.81869861,South
18-03-2023 22:00,10.22153163,225.6180218,26.24499401,33.24538702,28.65285721,25.83761545,45.51386182,28.51784898,33.38275048,62.15195171,86.87314639,22.4027918,33.80864143,33.03391788,South
19-09-2024 00:00,11.82635647,278.078127,-6.494721017,2.915609297,-2.907453013,-6.533453181,57.54814013,0.113836516,5.152681922,73.76011085,-30.04681333,305.1860216,-2.512882281,-0.034149167,West
08-10-2023 08:00,7.738101274,51.83115257,-6.967703785,3.45656586,69.56385104,-7.231384009,43.72780113,-5.641669561,4.072029215,56.83978634,-5.448166053,116.0226199,,-1.95664924,South
17-12-2024 07:00,14.60965937,341.4010261,5.619232113,13.33135614,13.21605191,5.324237443,76.2023717,8.750257987,13.57553939,103.5010108,-68.09959241,314.3319936,11.92061514,10.77972803,East
20-09-2025 15:00,11.60551648,114.2376676,-5.851111858,-1.909761767,-2.624194968,-5.557285532,63.86101552,-3.100540702,-0.36112514,90.56648271,-42.18205557,176.6317043,4.903732243,-1.368436678,East
24-04-2023 23:00,9.892887324,41.42561927,22.20995284,28.99834018,29.04317101,22.4284154,46.36325614,26.56680327,25.67329509,48.74622447,-59.98238103,183.440066,28.74336522,27.8287817,East
05-12-2023 10:00,14.87905723,410.995173,3.308656225,8.878436431,8.798964358,3.256634257,71.21417034,12.31868163,7.049169292,91.0134876,48.16475919,,11.85534873,8.53746131,East
05-11-2025 09:00,16.16465836,617.2437281,-3.219680907,7.071485212,0.462539333,-3.126220549,78.44718919,0.167435859,-0.133652169,89.18847765,40.74498394,97.27459594,5.775610165,3.246424656,East
06-10-2025 19:00,3.927768577,137.8376591,-0.846620527,1.093473155,3.823145142,-1.153795602,21.85408251,2.448441276,2.458404503,39.26289413,76.07387904,30.97474547,5.808324274,3.757164424,West
05-12-2023 08:00,11.10866785,375.8629012,7.979272091,18.22818691,12.91707343,8.163138403,61.18575435,11.07768321,,63.42188549,4.01791521,158.5303489,13.06314505,12.72216887,South
24-01-2023 18:00,17.98188531,848.7580563,16.84972171,25.54194976,23.66656658,16.57102729,87.40784875,20.03052446,25.21939234,99.34215704,-31.87240013,145.7364342,25.30885533,23.60944476,West
30-09-2024 23:00,5.812064657,-65.71256506,-3.986129711,2.326095158,0.308509917,-4.048625038,30.16131494,1.038719961,-1.543836382,21.80354366,36.70550654,,1.537356399,0.963986152,West
28-02-2024 14:00,8.876214617,84.54824235,25.44084758,29.32543586,28.92606664,25.4754249,42.45417189,29.30309656,31.33450003,52.76619403,-20.65963341,209.6006166,33.16789039,29.29464964,South
11-11-2023 16:00,1.760535091,-155.5237783,-1.583755566,7.912327979,5.237082366,63.89024099,1.279280397,4.599937508,4.380529229,-10.03618595,-12.1800048,198.7912495,7.300456803,2.125297095,East
02-04-2024 17:00,6.951028928,11.744779,22.9097049,27.36804789,26.93078227,23.15561858,33.57578373,26.30172481,26.68451665,44.84056448,45.01710976,187.4668153,32.51916777,28.05831461,South
03-08-2023 09:00,3.407157762,176.8750607,-0.698637053,12.119987,2.649207618,-0.21781431,13.15733409,1.291866339,2.40440018,21.18614334,-10.25942697,47.73118056,6.157852376,1.546048484,South
20-09-2024 03:00,11.52316081,120.7134048,0.210009087,6.81498582,3.85362924,-0.259391591,53.69715956,4.240833969,11.44836649,44.11588908,-21.76891186,154.6711173,5.801683539,4.386829818,West
23-02-2024 11:00,21.53205309,1393.843906,24.73915424,34.26071994,26.83601846,25.02548264,93.41628206,29.193438,33.17795424,116.223832,-45.77783148,99.87389694,36.49009325,33.5108238,West
20-10-2025 12:00,7.586851622,14.83363103,-3.480505547,-0.048506846,2.253802346,,41.16262077,-1.424860996,1.155164875,33.34578352,45.23477399,118.0046819,5.839410247,3.441652504,South
04-04-2023 01:00,,372.0964604,24.58485794,32.18863787,30.3371602,24.86754984,57.03808642,27.51388884,26.36518114,57.7858322,-41.16769995,79.05575218,28.55618398,29.85413146,North
07-03-2024 10:00,6.690123188,-98.83892779,24.4970838,31.00419689,28.1250324,24.62756,36.5267014,26.34079742,28.95834274,33.47668448,,126.725925,33.42106578,28.69729821,West
26-10-2023 03:00,2.410020855,112.6169622,-1.116087023,3.153392206,5.289024745,-1.394975272,13.13959654,-0.446586821,1.706342847,,15.69389265,210.9024197,4.575450341,5.069060829,North
04-09-2025 21:00,3.097658619,-155.7378057,-2.815789766,3.243361586,0.443895036,-3.20247979,21.21899428,1.459400195,7.157012386,30.69848804,6.832759619,199.2251402,2.63191042,4.256473702,West
11-07-2024 11:00,3.882405925,113.0652087,6.408900613,12.78130093,13.33597307,6.750765884,27.0149176,,15.97199334,29.18142599,-17.94381415,189.4801319,12.51065279,12.06662533,North
22-03-2024 01:00,17.75645544,818.912461,27.72888953,35.34637256,31.57334953,27.96318225,91.55221206,34.28237702,32.46656146,112.1615723,-55.92549301,269.0407061,35.57041134,32.59744701,South
13-05-2025 12:00,15.24102229,622.8763741,20.29059411,26.4493884,23.69403735,20.56301667,80.30269323,24.93677057,28.0980616,105.6025793,52.49886538,100.5362495,27.94424731,24.23869827,West
06-04-2024 07:00,22.65855413,1543.812974,24.54832221,29.65767126,30.49619069,24.46521132,109.3406567,27.13670714,34.49480619,146.0052801,72.88917342,279.7528746,32.97452899,28.08941937,East
12-04-2023 08:00,11.10714954,62.65968368,27.10232951,31.93030631,32.47388471,26.70400632,53.91193127,29.36193057,31.26191081,50.1423253,-43.62394196,315.7228034,30.88016052,34.96470129,East
02-04-2024 12:00,17.87386539,867.751125,27.09855875,37.89781351,32.0094997,26.62168647,92.51939972,,27.62764158,117.8901172,-58.14282135,47.51049717,33.72828277,28.53121159,South
05-06-2024 22:00,6.36405899,-71.94751218,17.84105121,19.52980554,21.27472396,17.59386199,23.40222137,17.30576489,28.34425573,24.73580561,28.40989396,253.6962109,23.90593629,22.45330012,East
17-09-2025 18:00,10.81168202,159.9598366,-7.45345046,-1.183665523,-4.44206347,-7.370737221,48.06376686,-7.061532415,1.355151518,58.71030213,-45.54420047,219.936281,1.280866087,0.273056216,West
28-10-2024 02:00,11.92581528,257.881106,-4.106098063,0.920679346,-0.125899232,-4.464555011,57.52592656,1.525277732,1.063807699,53.79864412,-11.18569721,12.48711011,0.647707286,1.537359553,South
28-08-2023 14:00,3.133030494,102.8063583,-5.204466143,5.559974128,-2.453830279,-5.09851206,20.74394118,-2.822857716,1.546548585,11.26398921,56.03112597,230.7032676,1.52711501,-1.662965309,South
21-02-2024 09:00,18.60225283,925.1772619,21.42882102,26.68340475,26.56042241,21.66515918,90.16345927,24.76215723,24.80155067,94.66230382,-0.009257561,308.3816165,27.5601761,24.55309446,South
09-05-2024 19:00,8.652445546,130.7310485,20.40791889,29.34893756,28.38268507,20.39513499,45.71092839,26.52632441,24.40100448,57.57815075,-31.20427668,170.8405328,27.09624567,25.26718558,West
08-10-2025 16:00,12.04093355,203.898899,-1.442194112,2.815994135,3.556381278,-1.5615946,61.50977403,3.160369462,4.107655184,79.50145638,-59.75816194,202.5075446,5.684010381,3.78066479,East
19-10-2023 12:00,3.73083586,-96.37954201,-6.073367585,0.022966127,-2.12208573,-5.940169641,14.88366651,-1.15513622,-3.530852293,21.49510531,-45.10871309,199.7647028,1.705007483,1.610098819,East
07-06-2023 16:00,10.54514589,187.6466109,18.2569399,22.28460434,21.27992455,17.45358687,52.35585951,22.90920979,22.45206179,68.82397894,19.17493498,190.8436048,,21.38923756,South
21-03-2023 12:00,21.26058512,1387.926989,25.52982104,29.0095674,28.15586799,25.22068121,105.2956907,28.56137674,28.51231219,128.6263057,55.42596028,71.25088073,31.90261566,31.59270577,West
11-10-2023 06:00,,89.9281858,-2.733640212,9.900931716,3.110760663,-3.107256184,34.19788521,5.438794949,10.68349577,44.92865715,75.90530317,115.6791255,4.644627426,2.968356487,West
20-09-2024 20:00,9.82567979,83.65439544,-3.578519498,1.853008588,-2.68478595,-3.372112209,43.80798242,-0.678270712,-1.998374554,60.66286692,-68.80219809,330.4333346,5.108262716,1.71199753,North
09-12-2024 18:00,10.51315285,161.9460379,5.371924921,14.14369108,13.74950345,,48.06819357,5.602947537,10.20294711,66.65930445,78.4520567,18.66828978,11.29021904,9.731773951,South
26-11-2024 16:00,9.049057015,87.93575564,2.065368476,10.07713952,6.527756906,2.119112026,47.44671401,6.470772385,9.345612387,66.07278685,12.20754308,265.0111566,10.11661464,6.099842608,South
22-04-2023 04:00,17.48777547,713.5528262,23.14841183,28.94244475,26.20750684,22.93202863,,26.26769476,27.17319552,103.4450465,34.89813574,325.2740593,,26.18777361,East
28-11-2024 14:00,18.06011195,958.1679264,1.531424827,9.34657202,5.710805889,1.194790185,101.5799153,6.386461793,6.482643896,113.4228849,45.04413942,103.5192971,12.31442411,8.397903,West
18-06-2024 23:00,7.41655887,78.16943718,8.635509492,15.89380996,12.25641028,9.410426304,45.37983695,,17.88964736,28.27001162,-17.85757327,244.8862648,14.46730144,12.17331258,South
20-06-2024 06:00,4.512061917,116.7875516,13.65966282,20.98559987,18.57021157,13.7083115,26.31416092,19.51302152,14.51131471,41.38663763,-18.81872314,96.25338941,19.45367592,15.4330135,West
23-07-2023 13:00,13.54285504,,2.759729632,8.638017172,7.20701251,2.624052852,68.06655133,10.17996999,7.888585343,91.90754065,41.97910469,186.653917,7.067431083,7.036653434,North
06-06-2023 14:00,18.1337805,722.8674616,11.59229967,24.1057673,18.70105325,11.57139948,84.49339801,15.02200144,14.87409675,96.28763464,-27.07112618,284.7627127,17.58894839,17.54099867,North
04-05-2025 19:00,16.95442643,625.1914843,18.4332367,27.08555611,25.59391192,18.03777995,80.1364881,19.11665996,32.96903595,94.47677002,67.67383813,289.6519419,26.10770814,24.10589347,East
13-03-2025 05:00,6.586036623,144.9648839,22.0271302,30.28766074,27.62920636,21.87035031,32.4348241,22.14266624,28.28996844,36.92841821,44.17502455,199.2122466,29.06719546,28.86231919,South
19-02-2023 02:00,18.91198471,1023.964035,20.37400777,30.29752271,28.1047222,20.5000882,91.32414771,23.3775518,28.74876558,106.3449926,11.71508922,293.2541426,22.38447177,23.16790299,North
15-01-2024 22:00,7.835126374,337.2901014,14.03636309,22.15866133,20.36996448,13.96167987,37.76499776,16.91090972,20.86247996,40.08059855,-1.421266251,352.772934,19.86225892,19.8399792,North
21-04-2024 22:00,15.95352808,784.0636907,21.78835134,33.13752826,27.50854913,21.7324955,80.06432386,24.21424922,25.30571815,93.91967647,87.84502174,351.8423844,27.27940097,27.00155362,South
14-09-2023 20:00,13.95758063,420.9387953,-5.3056095,7.401128017,-0.239962833,-4.903686205,73.49193814,1.01945288,0.429905852,83.18287601,-74.68551286,46.80374431,5.097546533,-0.764606411,North
23-11-2025 22:00,6.163783755,84.73148832,1.790286478,11.4832584,7.660630696,1.604865504,22.95360322,5.050147143,8.937052793,32.55424365,-8.504976098,139.6999787,8.639789341,6.723791129,East
05-01-2024 17:00,19.58986588,1127.183661,12.63978915,20.75298981,17.53077388,12.35972381,101.8965618,17.61974893,15.02731937,130.5244566,-42.98339405,242.1269799,22.02407829,16.60149513,West
21-04-2025 15:00,18.27131951,812.1769524,25.48470481,32.45403217,31.65878865,25.27056654,90.4699027,30.04919036,29.16250204,99.61335814,11.55795571,95.9132956,30.42296888,34.35150829,West
25-01-2023 12:00,12.587273,221.0176247,17.77419962,26.71842226,23.51427678,17.6198365,65.6704245,24.8882376,21.8630219,88.18396543,63.99404536,256.2550415,22.54812093,23.17655667,North
31-03-2024 12:00,22.3579768,1638.773175,27.41486928,38.36100942,31.37551786,27.38018468,113.6951515,34.02336796,37.41980731,122.3166849,-88.531438,52.39302798,34.92200185,30.43247237,West
15-12-2025 23:00,13.42679729,225.4309056,7.400503568,12.6860388,14.13692903,6.709831269,68.10466061,11.45746957,12.48782603,78.66347434,-67.56871549,28.18705557,,12.16119895,West
25-05-2025 07:00,13.83074493,488.192033,19.44455166,23.96258097,23.10070936,19.56042012,63.08282131,,24.37560011,71.57887813,-53.32993937,216.1366659,23.93891625,27.26501555,East
22-11-2023 14:00,5.807193294,-84.76009214,-1.058395283,9.728996957,2.825582224,-1.339212521,27.02130774,1.91695072,2.772317872,29.65725791,62.24391952,209.1762209,5.880778704,5.365626249,East
30-12-2025 07:00,13.50784838,310.0240396,9.994044099,14.84918475,20.05393551,10.44066779,72.03372476,14.72892703,17.37041831,76.39433084,-64.45977862,354.9803845,18.27380174,17.4768534,North
24-06-2025 18:00,9.232415628,68.76478444,12.70201511,21.57081915,17.58350696,13.07742631,34.33331438,16.84095541,17.65217425,46.23781054,16.34133472,102.1798928,20.89000246,18.94150638,East
28-03-2024 11:00,8.510575157,26.17967523,23.59389038,29.25988351,28.9523552,23.47812753,44.35731151,31.10109789,29.87689449,57.27658736,-2.476901109,15.56503523,31.0578579,27.42210237,South
13-04-2025 09:00,17.7824964,731.3883919,26.50116847,31.5834657,35.15242275,,83.42958536,30.13282076,31.27394206,97.79619042,-52.26160659,107.7062705,37.60972525,32.45966005,North
20-05-2024 02:00,8.608507937,28.08642759,16.2644647,23.28988893,24.54719421,15.98250885,47.98998157,23.46057575,20.51898508,69.4162012,-43.80752791,163.1017939,21.39177401,20.55087767,South
09-08-2025 23:00,18.30401084,814.8560116,0.641617263,12.01997168,10.45374506,0.955871869,92.29621978,1.302733605,8.765075243,98.83104315,-15.74467094,187.9310706,6.11183655,5.947542775,East
11-06-2023 02:00,12.76330049,266.8269613,12.86445655,19.35086475,21.94989033,13.00394883,71.48961892,15.65663744,22.92933752,78.71625335,-66.60175823,60.41995229,18.2496974,17.75249434,East
05-07-2025 04:00,7.189107966,-48.89310213,9.630897226,12.95633616,11.50658449,,33.42786197,18.7101716,15.63851509,26.11442601,10.82032848,78.1981542,16.13176407,12.16656815,North
20-07-2024 06:00,6.434401371,-36.2224109,3.911127916,8.288699399,11.94330852,4.279447421,28.70551549,10.98781054,11.54657233,24.22459861,12.82139682,,7.58296854,10.5836056,South
12-12-2023 19:00,3.384911953,-65.06710571,5.721884734,11.64692988,10.0523703,5.515527775,20.24554301,7.067361028,8.035606004,36.14583729,69.60087688,49.43078786,8.967404201,8.48719051,East
23-03-2025 14:00,9.80468381,174.5048793,24.22799868,29.95893531,30.30495958,24.37946476,46.10038338,28.21546774,33.65151304,51.42228805,-19.81547675,137.3928544,29.73009276,29.9422597,East
25-10-2023 10:00,10.79469712,174.0944335,-9.138690617,-4.067228233,-2.374458792,-9.561666054,51.49142469,-9.307593799,-4.104203016,70.77601257,-66.89132929,78.37235876,-4.621001054,-3.707225324,West
27-08-2025 00:00,9.057686239,-61.74440205,-1.626418133,4.226473316,1.080955085,-2.044674503,46.95290037,3.316217282,2.050976463,63.74365737,50.45155388,265.4036457,3.285281368,3.007404907,East
29-03-2025 14:00,18.72750239,939.029681,28.09458227,37.84857082,32.25059331,28.37245401,101.2566775,27.55014654,33.67273106,119.9066356,-17.58521118,225.9619212,34.12086798,31.54762425,West
23-11-2025 15:00,16.46057665,750.5158087,1.284758329,7.51370829,5.582793107,1.68533009,84.48079209,4.008566096,13.28698775,114.6920267,29.54897567,106.7799162,9.435031445,9.812408896,South
24-12-2024 01:00,10.40434668,215.7060343,8.963160106,15.66666949,13.32509915,9.0361213,55.25748571,10.47743858,18.99376257,63.32714109,-56.53857805,297.2891944,15.23872364,14.93838405,South
16-11-2024 17:00,11.03727084,312.92976,0.943582122,6.209798142,4.458008163,1.217351987,47.29123342,5.923260048,11.88941899,73.72970441,52.6123921,191.7471707,9.580054164,4.714522371,West
23-01-2025 21:00,11.24161202,86.18263043,17.86773527,25.39361416,26.34357489,18.32986781,59.31010366,22.79776178,20.8592035,71.65362229,27.33345599,229.265121,23.17340432,24.62576809,East
22-05-2023 04:00,15.40861339,626.2537936,18.49075834,25.05741683,21.51685746,18.07576959,85.5555519,20.09452141,28.4813988,109.6899672,-35.95684789,306.3382517,24.56974541,22.27829305,East
15-08-2024 12:00,38.18556519,60.34809895,0.552370796,5.235511916,69.72023491,0.690265471,47.93288631,7.010910333,2.604166792,42.27503488,-5.420258841,144.8759486,6.785599502,5.986780253,North
26-08-2023 03:00,6.967341346,-9.346169202,-2.456022701,4.318673856,4.051531955,-2.543822023,36.23934737,0.822229727,4.788755639,48.01671495,2.936046905,156.1558879,5.188696833,3.886422446,South
08-07-2024 06:00,5.454005113,-109.9796018,4.760468674,12.72907706,8.677456355,4.212706052,27.24295174,7.815397421,8.509952515,22.51472354,-3.806479903,137.7299181,12.18182664,8.92808975,South
25-06-2025 10:00,11.81854726,409.048498,12.66247912,18.55607316,15.11138235,12.24772074,57.69055268,17.70278855,21.70245682,73.66122148,58.66958919,342.9341923,16.79115409,13.69929027,East
28-10-2023 02:00,10.44014803,241.0362708,-2.872561473,-0.481723361,2.379639606,-3.258458601,55.778077,2.95640944,1.421766895,73.62491761,,138.9391375,1.557184067,4.614742267,North
29-12-2023 02:00,3.157120611,-40.11418325,12.40104415,14.480641,16.4883558,11.85959905,12.49666066,14.28112305,23.92202624,7.802856958,-28.23656962,71.01076228,17.64098905,15.44515276,West
12-10-2024 22:00,14.30449283,406.235104,-1.863334362,4.655506395,0.65710157,-2.00837497,69.69979277,3.169116379,2.292807542,97.53664673,-68.91399393,249.9537719,7.06032857,2.849792954,West
01-07-2024 14:00,14.8272593,456.7069188,12.56933845,,15.83724265,12.40651379,75.7862507,17.17222357,15.09455405,79.84660787,-40.61854048,-1.395988764,20.34608396,21.36107208,North
